country_id,city_id,city_name,attraction_id,attraction_name,attraction_type,short_description,entry_fee,currency,duration,family,months,google_map_ref,rating,reviews,created_at,updated_at
1,1,Tirana,101,Skanderbeg Square,Square,Central plaza with the National History Museum and Opera.,0,-,1,Yes,Apr-Oct,Ref,4.5,12600,3/11/2026,
1,1,Tirana,102,Bunk'Art 2,Museum,Nuclear bunker in the city center dedicated to police history.,500,ALL,1.5,Yes,Year-round,Ref,4.6,8400,3/11/2026,
1,1,Tirana,103,Pyramide of Tirana,Landmark,Recently renovated brutalist monument with city views.,0,-,1,Yes,May-Sep,Ref,4.3,5200,3/11/2026,
1,2,Saranda,201,Butrint National Park,Ancient Ruins,UNESCO world heritage site with Roman and Greek ruins.,1000,ALL,3.5,Yes,May-Sep,Ref,4.8,9100,3/11/2026,
1,2,Saranda,202,Blue Eye (Syri i Kalter),Nature,(Gem) Deep natural spring with mesmerizing blue water.,100,ALL,2,Yes,Jun-Aug,Ref,4.6,15000,3/11/2026,
1,2,Saranda,203,Lëkurësi Castle,Castle,16th-century fortress with panoramic sunset views.,0,-,1.5,Yes,Jun-Sep,Ref,4.4,4800,3/11/2026,
1,3,Gjirokastër,301,Gjirokastër Fortress,Castle,One of the largest castles in the Balkans with a museum.,400,ALL,2.5,Yes,Apr-Oct,Ref,4.7,11500,3/11/2026,
1,3,Gjirokastër,302,Zekate House,Historic House,(Gem) The finest example of Ottoman tower houses.,200,ALL,1,Yes,May-Sep,Ref,4.8,1200,3/11/2026,
1,3,Gjirokastër,303,Old Bazaar,Market,Traditional cobbled streets with artisanal crafts.,0,-,2,Yes,Apr-Oct,Ref,4.7,8900,3/11/2026,
2,,Vienna,401,Schönbrunn Palace,Palace,Imperial summer residence with vast gardens and a zoo.,22,EUR,4,Yes,May-Sep,Ref,4.8,118000,3/11/2026,
2,,Vienna,402,St. Stephen's Cathedral,Cathedral,Gothic masterpiece and symbol of the city.,0,-,1.5,Yes,Year-round,Ref,4.7,95000,3/11/2026,
2,,Vienna,403,The Prater,Amusement Park,Famous giant ferris wheel and park.,0,-,3,Yes,May-Sep,Ref,4.5,88000,3/11/2026,
2,5,Salzburg,501,Hohensalzburg Fortress,Castle,Dominant fortress on the hill above the old town.,13,EUR,2.5,Yes,Year-round,Ref,4.7,55000,3/11/2026,
2,5,Salzburg,502,Mirabell Palace,Gardens,Iconic Baroque gardens where Sound of Music was filmed.,0,-,1.5,Yes,Apr-Oct,Ref,4.7,42000,3/11/2026,
2,5,Salzburg,503,Hangar-7,Museum,(Gem) Red Bull's private collection of planes and F1 cars.,0,-,2,Yes,Year-round,Ref,4.8,15000,3/11/2026,
2,6,Hallstatt,601,Hallstatt Salt Mine,Mine,The oldest salt mine in the world with a skywalk.,36,EUR,3,Yes,Apr-Nov,Ref,9.4,12000,3/11/2026,
2,6,Hallstatt,602,Parish Church & Charnel House,Religious,Small chapel containing painted human skulls.,2,EUR,0.5,No,Year-round,Ref,4.6,3500,3/11/2026,
3,7,Brussels,701,Grand Place,Square,Most beautiful medieval square in Europe.,0,-,1.5,Yes,Year-round,Ref,4.8,155000,3/11/2026,
3,7,Brussels,702,Atomium,Landmark,Iconic futuristic 1958 structure.,16,EUR,2,Yes,May-Sep,Ref,4.4,92000,3/11/2026,
3,7,Brussels,703,Musical Instruments Museum,Museum,(Gem) Art Nouveau building with an audio guide of sounds.,15,EUR,2.5,Yes,Year-round,Ref,4.5,8500,3/11/2026,
3,8,Bruges,801,Belfry of Bruges,Tower,Iconic medieval bell tower in the market square.,14,EUR,1,No,Apr-Sep,Ref,9.4,28000,3/11/2026,
3,8,Bruges,802,Church of Our Lady,Church,"Home to Michelangelo’s ""Madonna and Child"" statue.",7,EUR,1,Yes,Year-round,Ref,4.6,15000,3/11/2026,
3,8,Bruges,803,Rosary Quay (Rozenhoedkaai),Scenic Spot,Most photographed view of the canals.,0,-,0.5,Yes,Year-round,Ref,4.9,12000,3/11/2026,
3,9,Ghent,901,Gravensteen,Castle,10th-century medieval castle with a torture museum.,12,EUR,2,Yes,Year-round,Ref,4.6,34500,3/11/2026,
3,9,Ghent,902,St. Bavo's Cathedral,Cathedral,"Home to the world-famous ""Ghent Altarpiece"".",0,-,1.5,Yes,Apr-Oct,Ref,4.7,12000,3/11/2026,
3,9,Ghent,903,Graslei & Korenlei,Scenic Spot,(Gem) Medieval quayside with stunning guild houses.,0,-,1,Yes,May-Sep,Ref,4.8,8500,3/11/2026,
4,10,Sarajevo,1001,Tunnel of Hope,History,War tunnel used during the Siege of Sarajevo.,5,EUR,1.5,No,Year-round,Ref,4.7,15000,3/11/2026,
4,10,Sarajevo,1002,Baš?aršija,Bazaar,15th-century Ottoman market and cultural hub.,0,-,2.5,Yes,May-Sep,Ref,4.8,48000,3/11/2026,
4,10,Sarajevo,1003,Vrelo Bosne,Nature,Beautiful park at the source of the Bosna River.,1,EUR,2,Yes,May-Sep,Ref,4.7,12000,3/11/2026,
4,11,Mostar,1101,Stari Most,Bridge,Iconic Ottoman bridge and symbol of the city.,0,-,1,Yes,Jun-Aug,Ref,4.9,38000,3/11/2026,
4,11,Mostar,1102,Koski Pasha Mosque,Mosque,Best panoramic view of the bridge from the minaret.,6,BAM,0.5,No,May-Oct,Ref,4.7,5200,3/11/2026,
4,11,Mostar,1103,Blagaj Tekke,Monastery,(Gem) Dervish monastery built into a cliff cave.,5,BAM,2,Yes,May-Sep,Ref,4.6,15000,3/11/2026,
4,12,Trebinje,1201,Arslanagi?a Bridge,Bridge,Elegant 16th-century Ottoman stone bridge.,0,-,0.5,Yes,Apr-Oct,Ref,4.7,3200,3/11/2026,
4,12,Trebinje,1202,Hercegova?ka Gra?anica,Monastery,Hilltop church with the best views of Trebinje.,0,-,1,Yes,Year-round,Ref,4.8,4500,3/11/2026,
4,12,Trebinje,1203,Vukoje Cellars,Winery,(Gem) Award-winning wine tasting in a scenic spot.,20,EUR,2,No,May-Sep,Ref,4.7,1200,3/11/2026,
5,14,Dubrovnik,1401,City Walls,History,Walk the perimeter of the historic UNESCO old town.,35,EUR,2.5,Yes,May-Sep,Ref,4.8,58000,3/11/2026,
5,14,Dubrovnik,1402,Mount Sr? Cable Car,Viewpoint,Best aerial views of the Old Town and Adriatic.,27,EUR,1.5,Yes,May-Oct,Ref,4.7,25000,3/11/2026,
5,13,Zagreb,1301,St. Mark's Church,Church,Famous for its colorful tiled roof with coats of arms.,0,-,0.5,Yes,Year-round,Ref,4.6,22000,3/11/2026,
5,13,Zagreb,1302,Museum of Broken Relationships,Museum,Quirky museum dedicated to failed love stories.,7,EUR,1.5,No,Year-round,Ref,4.4,14500,3/11/2026,
5,13,Zagreb,1303,Lotrš?ak Tower,Tower,(Gem) Cannon fires every day at noon from here.,2,EUR,0.5,Yes,Apr-Oct,Ref,4.5,5800,3/11/2026,
5,15,Rovinj,1501,Church of St. Euphemia,Church,Venetian-style church dominating the peninsula.,0,-,1,Yes,Jun-Sep,Ref,4.7,12000,3/11/2026,
5,15,Rovinj,1502,Balbi's Arch,Monument,The historic gateway to the Venetian old town.,0,-,0.5,Yes,Year-round,Ref,4.5,3200,3/11/2026,
5,15,Rovinj,1503,Golden Cape (Zlatni Rt),Nature,(Gem) Forest park with stunning swimming coves.,0,-,3,Yes,Jun-Aug,Ref,4.8,9500,3/11/2026,
6,16,Prague,1601,Prague Castle,Castle,The largest ancient castle complex in the world.,18,EUR,4,Yes,Year-round,Ref,4.7,155000,3/11/2026,
6,16,Prague,1602,Charles Bridge,Bridge,Iconic 14th-century stone bridge with 30 statues.,0,-,1,Yes,Apr-Oct,Ref,4.8,185000,3/11/2026,
6,16,Prague,1603,Old Town Square,Square,Home to the Astronomical Clock and Tyn Church.,0,-,2,Yes,Year-round,Ref,4.8,165000,3/11/2026,
6,17,Karlovy Vary,1701,Mill Colonnade,Architecture,Massive stone colonnade with five hot springs.,0,-,1,Yes,May-Sep,Ref,4.6,12000,3/11/2026,
6,17,Karlovy Vary,1702,Moser Glassworks,Factory,(Gem) Famous glass factory with a museum.,12,EUR,1.5,Yes,Year-round,Ref,4.7,4500,3/11/2026,
6,17,Karlovy Vary,1703,Diana Observation Tower,Viewpoint,Funicular ride to a tower with forest views.,0,-,2,Yes,May-Oct,Ref,4.5,8200,3/11/2026,
6,18,?eský Krumlov,1801,State Castle,Castle,Renaissance castle with a unique Baroque theater.,15,EUR,3,Yes,May-Oct,Ref,4.8,24000,3/11/2026,
6,18,?eský Krumlov,1802,Vltava River Rafting,Nature,Scenic boating through the medieval town.,25,EUR,2,Yes,Jun-Aug,Ref,4.9,5000,3/11/2026,
6,18,?eský Krumlov,1803,Cloak Bridge,Bridge,(Gem) Multi-story stone bridge over a moat.,0,-,0.5,Yes,Year-round,Ref,4.8,6500,3/11/2026,
7,19,Copenhagen,1901,Tivoli Gardens,Theme Park,World's second-oldest amusement park.,20,EUR,4,Yes,May-Sep,Ref,4.6,115000,3/11/2026,
7,19,Copenhagen,1902,Nyhavn,Waterfront,Iconic canal with colorful houses and ships.,0,-,1.5,Yes,Jun-Aug,Ref,4.7,95000,3/11/2026,
7,19,Copenhagen,1903,Rosenborg Castle,Palace,(Gem) Renaissance castle with the Crown Jewels.,16,EUR,2,Yes,Apr-Oct,Ref,4.6,18000,3/11/2026,
7,20,Aarhus,2001,Den Gamle By,Museum,Open-air museum showing Danish life through ages.,22,EUR,3.5,Yes,Year-round,Ref,4.7,25000,3/11/2026,
7,20,Aarhus,2002,ARoS Art Museum,Museum,"Modern art with the ""Your Rainbow Panorama"".",22,EUR,3,Yes,Year-round,Ref,4.6,15000,3/11/2026,
7,20,Aarhus,2003,Moesgaard Museum,Museum,(Gem) Stunning archaeology and ethnography.,20,EUR,3,Yes,May-Oct,Ref,4.8,12000,3/11/2026,
7,21,Skagen,2101,Grenen,Nature,The tip where the Kattegat and Skagerrak seas meet.,0,-,2,Yes,Jun-Aug,Ref,4.8,9500,3/11/2026,
7,21,Skagen,2102,Rubjerg Knude,Landmark,Massive lighthouse surrounded by sand dunes.,0,-,2,Yes,May-Sep,Ref,4.8,15000,3/11/2026,
7,21,Skagen,2103,Rĺbjerg Mile,Nature,(Gem) Largest migrating sand dune in N. Europe.,0,-,2,Yes,Year-round,Ref,4.7,8200,3/11/2026,
8,,Helsinki,2201,Suomenlinna,Fortress,Sea fortress reachable by a 15-minute ferry.,0,-,4,Yes,May-Sep,Ref,4.6,32000,3/11/2026,
8,,Helsinki,2202,Rock Church,Church,Lutheran church carved into solid rock.,5,EUR,1,Yes,Year-round,Ref,4.5,25000,3/11/2026,
8,,Helsinki,2203,Loyly Sauna,Experience,(Gem) Modern public sauna on the waterfront.,22,EUR,2.5,No,Year-round,Ref,8.8,4500,3/11/2026,
8,23,Rovaniemi,2301,Santa Claus Village,Theme Park,The official residence of Santa Claus.,0,-,4,Yes,Nov-Jan,Ref,8.8,42000,3/11/2026,
8,23,Rovaniemi,2302,Arktikum,Museum,Science center dedicated to Arctic history.,15,EUR,2.5,Yes,Year-round,Ref,4.5,6500,3/11/2026,
8,23,Rovaniemi,2303,Ounasvaara Hill,Nature,(Gem) Best place for hiking and Northern Lights.,0,-,3,Yes,Year-round,Ref,4.6,3800,3/11/2026,
8,24,Porvoo,2401,Porvoo Cathedral,Church,15th-century landmark in the old town.,0,-,1,Yes,Year-round,Ref,4.5,3200,3/11/2026,
8,24,Porvoo,2402,Old Town Streets,Historic,Iconic red wooden warehouses by the river.,0,-,2.5,Yes,Jun-Aug,Ref,4.7,12000,3/11/2026,
8,24,Porvoo,2403,Runeberg's House,Museum,(Gem) Former home of Finland's national poet.,8,EUR,1,Yes,May-Aug,Ref,4.6,1500,3/11/2026,
9,25,Paris,2501,Louvre Museum,Museum,World's largest art museum and home to Mona Lisa.,22,EUR,4.0+,Yes,Year-round,Ref,4.7,280000,3/11/2026,
9,25,Paris,2502,Sacré-Cśur,Basilica,Stunning white church on the hilltop of Montmartre.,0,-,1.5,Yes,Apr-Oct,Ref,4.8,150000,3/11/2026,
9,25,Paris,2503,Sainte-Chapelle,Church,(Gem) Most stunning 13th-century stained glass in the world.,11,EUR,1,Yes,Apr-Oct,Ref,4.8,55000,3/11/2026,
9,26,Nice,2601,Promenade des Anglais,Seafront,Famous coastline walk with blue chairs and palms.,0,-,2,Yes,May-Sep,Ref,4.7,78000,3/11/2026,
9,26,Nice,2602,Castle Hill (Colline du Château),Viewpoint,Waterfall and ruins with views of the Baie des Anges.,0,-,2,Yes,May-Sep,Ref,4.8,35000,3/11/2026,
9,26,Nice,2603,Cours Saleya Market,Market,Colorful flower and food market in the old town.,0,-,1.5,Yes,Year-round,Ref,4.6,15000,3/11/2026,
9,27,Lyon,2701,Basilique de Fourvičre,Church,Iconic hilltop basilica with stunning city views.,0,-,1.5,Yes,Apr-Oct,Ref,4.8,42000,3/11/2026,
9,27,Lyon,2702,Vieux Lyon Traboules,Historic,(Gem) Hidden Renaissance passageways in the old town.,0,-,2,No,Year-round,Ref,4.6,12500,3/11/2026,
9,27,Lyon,2703,Parc de la Tęte d'Or,Park,Massive urban park with a free zoo and lake.,0,-,3,Yes,May-Sep,Ref,4.7,55000,3/11/2026,
9,28,Annecy,2801,Lake Annecy,Nature,Europe's cleanest lake with crystal turquoise water.,0,-,4,Yes,Jun-Aug,Ref,4.9,35000,3/11/2026,
9,28,Annecy,2802,Palais de l'Île,Museum,12th-century prison and palace in a canal.,5,EUR,1,Yes,May-Sep,Ref,4.5,15000,3/11/2026,
9,28,Annecy,2803,Gorges du Fier,Nature,(Gem) Narrow river canyon with high walkways.,6,EUR,1.5,Yes,Apr-Oct,Ref,4.6,11000,3/11/2026,
9,29,Colmar,2901,Little Venice,Canal Area,Beautiful half-timbered houses along the river.,0,-,1.5,Yes,Dec/May,Ref,4.8,32000,3/11/2026,
9,29,Colmar,2902,Unterlinden Museum,Museum,Home to the famous Isenheim Altarpiece.,13,EUR,2.5,Yes,Year-round,Ref,4.7,8500,3/11/2026,
9,29,Colmar,2903,Bartholdi Museum,Museum,(Gem) Birthplace of the Statue of Liberty creator.,7,EUR,1,Yes,Year-round,Ref,4.5,3200,3/11/2026,
10,30,Berlin,3001,Brandenburg Gate,Monument,Neoclassical landmark symbolizing German unity.,0,-,0.5,Yes,Year-round,Ref,4.7,145000,3/11/2026,
10,30,Berlin,3002,Reichstag Building,Government,Historic parliament with a modern glass dome.,0,-,2,Yes,Apr-Oct,Ref,4.7,65000,3/11/2026,
10,30,Berlin,3003,Museum Island,Culture,UNESCO site hosting 5 world-class museums.,18,EUR,4,Yes,Year-round,Ref,4.7,55000,3/11/2026,
10,31,Munich,3101,Marienplatz,Square,Central square with the famous Glockenspiel clock.,0,-,1,Yes,Sep-Oct,Ref,4.8,110000,3/11/2026,
10,31,Munich,3102,English Garden,Park,One of the world's largest urban city parks.,0,-,3,Yes,May-Sep,Ref,4.8,95000,3/11/2026,
10,31,Munich,3103,Neuschwanstein Castle,Castle,(Gem) Fairytale castle nearby (2h drive).,15,EUR,4,Yes,May-Oct,Ref,4.6,135000,3/11/2026,
10,32,Hamburg,3201,Miniatur Wunderland,Museum,World's largest model railway exhibition.,20,EUR,4,Yes,Year-round,Ref,4.9,98000,3/11/2026,
10,32,Hamburg,3202,Elbphilharmonie,Landmark,Modern glass concert hall with public plaza.,0,-,1.5,Yes,Year-round,Ref,4.7,75000,3/11/2026,
10,32,Hamburg,3203,International Maritime Museum,Museum,(Gem) Massive naval collection in a historic warehouse.,15,EUR,3,Yes,Year-round,Ref,4.6,12000,3/11/2026,
10,33,Rothenburg,3301,Medieval Crime Museum,Museum,Fascinating look at law and torture in the Middle Ages.,8,EUR,1.5,No,Year-round,Ref,4.6,12000,3/11/2026,
10,33,Rothenburg,3302,Town Walls,Fortification,Fully walkable circuit of the medieval city walls.,0,-,2,Yes,Apr-Oct,Ref,4.8,15000,3/11/2026,
10,33,Rothenburg,3303,Christmas Museum,Museum,(Gem) Käthe Wohlfahrt's year-round Christmas world.,5,EUR,1,Yes,Dec/July,Ref,4.5,8500,3/11/2026,
11,34,Athens,3401,Acropolis,Ancient Ruins,Ancient citadel containing the Parthenon.,20,EUR,3,Yes,Apr-Oct,Ref,4.8,125000,3/11/2026,
11,34,Athens,3402,Plaka District,Historic,Oldest neighborhood with narrow cobbled streets.,0,-,2.5,Yes,Apr-Oct,Ref,4.7,45000,3/11/2026,
11,34,Athens,3403,Panathenaic Stadium,Sport,Only stadium in the world built entirely of marble.,5,EUR,1,Yes,May-Sep,Ref,4.7,32000,3/11/2026,
11,35,Santorini,3501,Red Beach,Beach,Red volcanic sands and high crimson cliffs.,0,-,2,Yes,May-Sep,Ref,4.3,25000,3/11/2026,
11,35,Santorini,3502,Ancient Akrotiri,Ruins,Prehistoric city buried under volcanic ash.,12,EUR,2,Yes,Apr-Oct,Ref,4.7,15000,3/11/2026,
11,35,Santorini,3503,Ammoudi Bay,Nature,(Gem) Hidden harbor with crystal water tavernas.,0,-,2,Yes,May-Oct,Ref,4.8,11000,3/11/2026,
11,36,Meteora,3601,Monastery of Varlaam,Religious,Historic monastery on a giant vertical rock.,3,EUR,1.5,No,May-Oct,Ref,4.9,15000,3/11/2026,
11,36,Meteora,3602,Roussanou Monastery,Religious,Nun-run monastery with peaceful gardens.,3,EUR,1,No,May-Oct,Ref,4.8,8500,3/11/2026,
11,36,Meteora,3603,Adhrakhti Column,Nature,"(Gem) A strange, tall rock needle for hikers.",0,-,2,No,Apr-Sep,Ref,4.7,1200,3/11/2026,
12,37,Budapest,3701,Parliament Building,Landmark,Iconic Gothic Revival building on the Danube.,25,EUR,1.5,Yes,Year-round,Ref,4.8,115000,3/11/2026,
12,37,Budapest,3702,Széchenyi Thermal Bath,Wellness,Largest medicinal bath in Europe with outdoor pools.,28,EUR,4,No,Year-round,Ref,8.8,82000,3/11/2026,
12,37,Budapest,3703,Ruin Bars (Szimpla Kert),Culture,(Gem) Unique bar in an abandoned warehouse.,0,-,2.5,No,Year-round,Ref,4.6,55000,3/11/2026,
12,38,Debrecen,3801,Great Reformed Church,Cathedral,Neoclassical icon of Hungarian Protestantism.,2,EUR,1,Yes,Year-round,Ref,4.7,8500,3/11/2026,
12,38,Debrecen,3802,Déri Museum,Museum,Famous for the Munkácsy Christ Trilogy paintings.,6,EUR,2,Yes,Year-round,Ref,4.8,4500,3/11/2026,
12,38,Debrecen,3803,Hortobágy Puszta,Nature,(Gem) Nearby UNESCO park of herdsmen and birds.,8,EUR,4,Yes,May-Sep,Ref,4.7,12000,3/11/2026,
12,39,Szentendre,3901,Kovács Margit Museum,Art,Unique ceramic museum of a famous sculptor.,4,EUR,1.5,Yes,Year-round,Ref,4.6,2500,3/11/2026,
12,39,Szentendre,3902,Skanzen,Open-Air,Village museum showing Hungarian architecture.,8,EUR,4,Yes,Apr-Oct,Ref,4.7,12000,3/11/2026,
12,39,Szentendre,3903,MicroArt Museum,Art,(Gem) Paintings and art seen through a microscope.,3,EUR,0.5,Yes,Year-round,Ref,4.8,3200,3/11/2026,
13,40,Rome,4001,Colosseum,Ancient Ruins,Largest ancient amphitheater ever built.,18,EUR,3,Yes,Year-round,Ref,4.8,355000,3/11/2026,
13,40,Rome,4002,Trevi Fountain,Monument,Iconic Baroque fountain; toss a coin to return.,0,-,0.5,Yes,Year-round,Ref,4.8,280000,3/11/2026,
13,40,Rome,4003,Pantheon,Temple,Best-preserved ancient Roman temple with dome.,5,EUR,1,Yes,Year-round,Ref,4.8,185000,3/11/2026,
13,41,Florence,4101,Uffizi Gallery,Museum,Top-tier art museum with Renaissance works.,25,EUR,4,No,Apr-Oct,Ref,4.8,75000,3/11/2026,
13,41,Florence,4102,Ponte Vecchio,Bridge,Medieval bridge lined with jewelry shops.,0,-,0.5,Yes,Year-round,Ref,4.7,115000,3/11/2026,
13,41,Florence,4103,Boboli Gardens,Park,(Gem) Elegant 16th-century Italian gardens.,10,EUR,2.5,Yes,May-Sep,Ref,4.5,32000,3/11/2026,
13,42,Venice,4201,St. Mark's Basilica,Church,Opulent Byzantine cathedral on the main square.,3,EUR,1.5,Yes,Apr-Oct,Ref,4.7,110000,3/11/2026,
13,42,Venice,4202,Doge's Palace,Palace,"Venetian Gothic palace, former seat of power.",30,EUR,2.5,Yes,May-Sep,Ref,4.8,65000,3/11/2026,
13,42,Venice,4203,Rialto Bridge,Bridge,The oldest and most famous bridge over the canal.,0,-,0.5,Yes,Year-round,Ref,4.7,155000,3/11/2026,
13,43,Matera,4301,Sassi di Matera,Historic,Ancient cave dwellings carved into limestone.,0,-,4,Yes,May-Oct,Ref,4.9,32000,3/11/2026,
13,43,Matera,4302,Casa Grotta,Museum,Authentic reconstruction of cave-dwelling life.,5,EUR,1,Yes,Apr-Sep,Ref,4.6,12000,3/11/2026,
13,43,Matera,4303,Palombaro Lungo,Engineering,(Gem) Massive underground water cistern.,3,EUR,1,Yes,Year-round,Ref,4.8,8500,3/11/2026,
13,44,Lucca,4401,Guinigi Tower,Tower,Landmark tower with ancient oak trees on top.,6,EUR,1,Yes,May-Sep,Ref,4.7,15000,3/11/2026,
13,44,Lucca,4402,Piazza dell'Anfiteatro,Square,Oval-shaped plaza built on a Roman amphitheater.,0,-,1,Yes,Apr-Oct,Ref,4.6,22000,3/11/2026,
13,44,Lucca,4403,Lucca City Walls,Park,Fully intact Renaissance walls used as a park.,0,-,2.5,Yes,Year-round,Ref,4.8,35000,3/11/2026,
13,43,Matera,4301,Sassi di Matera,Historic,Ancient cave dwellings carved into limestone.,0,-,4,Yes,May-Oct,Ref,4.9,32000,3/11/2026,
13,43,Matera,4302,Palombaro Lungo,Engineering,(Gem) Massive underground cathedral-like cistern.,3,EUR,1,Yes,Year-round,Ref,4.8,8500,3/11/2026,
13,43,Matera,4303,Murgia National Park,Nature,Hiking trails with views of the cave city.,0,-,3,No,Apr-Sep,Ref,4.7,4200,3/11/2026,
14,45,Valletta,4501,St. John's Cathedral,Church,Baroque church housing Caravaggio paintings.,15,EUR,1.5,Yes,Year-round,Ref,4.8,28000,3/11/2026,
14,45,Valletta,4502,Upper Barrakka,Garden,Panoramic gardens with harbor views and cannons.,0,-,1,Yes,Apr-Oct,Ref,4.8,45000,3/11/2026,
14,45,Valletta,4503,Casa Rocca Piccola,Museum,(Gem) 16th-century palace still inhabited.,9,EUR,1.5,Yes,Year-round,Ref,4.7,5200,3/11/2026,
14,46,Sliema,4601,Tigné Point,Viewpoint,Best skyline views of Valletta over the water.,0,-,1,Yes,Year-round,Ref,4.7,15000,3/11/2026,
14,46,Sliema,4602,Independence Garden,Park,Seaside park famous for its local cat population.,0,-,1.5,Yes,May-Oct,Ref,4.5,8500,3/11/2026,
14,46,Sliema,4603,Exiles Beach,Beach,(Gem) Natural rock pools popular with locals.,0,-,3,Yes,Jun-Sep,Ref,4.4,4200,3/11/2026,
14,47,Mdina,4701,St. Paul's Cathedral,Cathedral,Magnificent Baroque architecture and museum.,10,EUR,1.5,Yes,Year-round,Ref,4.7,12000,3/11/2026,
14,47,Mdina,4702,Palazzo Falson,Museum,13th-century palace with historical art items.,10,EUR,2,Yes,Year-round,Ref,4.6,2800,3/11/2026,
14,47,Mdina,4703,Howard Gardens,Park,(Gem) Quiet garden between Mdina and Rabat.,0,-,1,Yes,Apr-Oct,Ref,4.4,5500,3/11/2026,
15,50,Kotor,5001,San Giovanni Castle,Fortress,Steep hike up 1350 steps for the best bay view.,8,EUR,2.5,No,May-Sep,Ref,4.7,18000,3/11/2026,
15,50,Kotor,5002,Our Lady of Rocks,Island,Artificial island with a church in the bay.,0,-,2,Yes,May-Sep,Ref,4.9,15000,3/11/2026,
15,50,Kotor,5003,Perast Old Town,Historic,(Gem) Quiet baroque village near Kotor.,0,-,2,Yes,Jun-Sep,Ref,4.8,12000,3/11/2026,
15,48,Podgorica,4801,Cathedral of Resurrection,Church,Massive Orthodox church with stunning gold icons.,0,-,1,Yes,Year-round,Ref,4.8,5500,3/11/2026,
15,48,Podgorica,4802,Millennium Bridge,Bridge,Modern architectural symbol of the capital.,0,-,0.5,Yes,May-Oct,Ref,4.4,4200,3/11/2026,
15,48,Podgorica,4803,Niagara Falls,Nature,(Gem) Beautiful river waterfall outside the city.,0,-,2,Yes,Apr-Jun,Ref,4.3,3800,3/11/2026,
15,49,Budva,4901,Mogren Beach,Beach,Two scenic beaches linked by a cave tunnel.,0,-,4,Yes,Jun-Aug,Ref,4.6,15000,3/11/2026,
15,49,Budva,4902,Budva Citadel,Fortress,Ancient fortress in the heart of the Old Town.,4,EUR,1.5,Yes,May-Sep,Ref,4.5,8500,3/11/2026,
15,49,Budva,4903,Podmaine Monastery,Religious,(Gem) Quiet Orthodox monastery with murals.,0,-,1,Yes,Year-round,Ref,4.8,1500,3/11/2026,
16,51,Amsterdam,5101,Rijksmuseum,Museum,National museum of arts and Dutch history.,22,EUR,4,Yes,Year-round,Ref,4.8,115000,3/11/2026,
16,51,Amsterdam,5102,Van Gogh Museum,Museum,Largest collection of Vincent van Gogh's work.,20,EUR,2.5,Yes,Year-round,Ref,4.7,95000,3/11/2026,
16,51,Amsterdam,5103,Jordaan District,Historic,Trendy neighborhood with canals and boutiques.,0,-,3,Yes,Apr-Oct,Ref,4.7,45000,3/11/2026,
16,52,Rotterdam,5201,Cube Houses,Architecture,Tilted innovative cube dwellings you can visit.,3,EUR,0.5,Yes,Year-round,Ref,4.4,22000,3/11/2026,
16,52,Rotterdam,5202,Markthal,Market,Arched market with massive indoor food wall.,0,-,1.5,Yes,Year-round,Ref,4.5,55000,3/11/2026,
16,52,Rotterdam,5203,Euromast,Tower,(Gem) Rotating elevator to 185m city views.,11,EUR,1.5,Yes,May-Oct,Ref,4.4,18000,3/11/2026,
16,53,Giethoorn,5301,Whisper Boats,Activity,Electric boat rental to explore car-free canals.,25,EUR,2,Yes,May-Sep,Ref,4.7,35000,3/11/2026,
16,53,Giethoorn,5302,Bovenwijde Lake,Nature,Large lake for sailing and viewing the village.,0,-,2,Yes,Jun-Aug,Ref,4.6,8500,3/11/2026,
16,53,Giethoorn,5303,Schreur Shipyard,Museum,(Gem) Historic yard for building local punters.,5,EUR,1,Yes,May-Sep,Ref,4.7,1200,3/11/2026,
17,55,Ohrid,5501,Church of St. John,Church,Stunning 13th-century church overlooking the lake.,3,EUR,1,Yes,Jun-Sep,Ref,4.9,15000,3/11/2026,
17,55,Ohrid,5502,Samuel's Fortress,Castle,Medieval fortifications with panoramic city views.,2,EUR,1.5,Yes,May-Oct,Ref,4.5,8200,3/11/2026,
17,55,Ohrid,5503,Bay of Bones,Museum,(Gem) Reconstructed prehistoric lake dwelling.,3,EUR,1.5,Yes,Jun-Aug,Ref,4.6,6500,3/11/2026,
17,54,Skopje,5401,Old Bazaar,District,"Ottoman-era shops, mosques, and hammams.",0,-,3,Yes,Apr-Oct,Ref,4.7,25000,3/11/2026,
17,54,Skopje,5402,Matka Canyon,Nature,Breathtaking canyon with boat tours and caves.,0,-,4,Yes,May-Sep,Ref,4.8,32000,3/11/2026,
17,54,Skopje,5403,Mother Teresa House,Museum,(Gem) Memorial to the Nobel Peace Prize winner.,0,-,1,Yes,Year-round,Ref,4.6,11000,3/11/2026,
17,56,Bitola,5601,Heraclea Lyncestis,Ruins,Ancient city founded by Philip II of Macedon.,2,EUR,2.5,Yes,May-Oct,Ref,4.7,6500,3/11/2026,
17,56,Bitola,5602,Širok Sokak,Street,Neoclassical street with consulates and cafes.,0,-,2,Yes,May-Sep,Ref,4.8,15000,3/11/2026,
17,56,Bitola,5603,Yeni Mosque,Religious,(Gem) 16th-century mosque used for exhibitions.,0,-,0.5,Yes,Year-round,Ref,4.4,1200,3/11/2026,
18,58,Bergen,5801,Flřibanen Funicular,Transport,Funicular taking you up Mt. Flřyen for views.,16,EUR,2,Yes,May-Sep,Ref,4.7,35000,3/11/2026,
18,58,Bergen,5802,Bryggen Wharf,Landmark,Iconic colorful wooden houses at the wharf.,0,-,1.5,Yes,Year-round,Ref,4.6,48000,3/11/2026,
18,58,Bergen,5803,Fantoft Stave Church,Church,(Gem) Reconstructed medieval wooden church.,7,EUR,1,Yes,May-Sep,Ref,4.4,8500,3/11/2026,
18,57,Oslo,5701,Vigeland Park,Park,Massive park with 200 Gustav Vigeland sculptures.,0,-,2.5,Yes,Year-round,Ref,4.8,48000,3/11/2026,
18,57,Oslo,5702,Munch Museum,Museum,"Modern waterfront home to Edvard Munch's ""Scream"".",16,EUR,2.5,Yes,Year-round,Ref,4.4,22000,3/11/2026,
18,57,Oslo,5703,Akershus Fortress,Fortress,(Gem) Medieval castle with harbour views.,0,-,2,Yes,Apr-Oct,Ref,4.5,31000,3/11/2026,
18,59,Ĺlesund,5901,Fjellstua Viewpoint,Viewpoint,418 steps up for the famous Art Nouveau view.,0,-,1.5,Yes,May-Sep,Ref,4.8,12000,3/11/2026,
18,59,Ĺlesund,5902,Atlantic Sea Park,Aquarium,One of Scandinavia's largest saltwater aquariums.,22,EUR,3,Yes,Year-round,Ref,4.6,8500,3/11/2026,
18,59,Ĺlesund,5903,Godřy Island,Nature,(Gem) Coastal hike to Alnes lighthouse nearby.,0,-,4,Yes,Jun-Aug,Ref,4.8,3200,3/11/2026,
19,61,Krakow,6101,Wawel Royal Castle,Castle,Historic castle residency of Polish kings.,8,EUR,3,Yes,Apr-Oct,Ref,4.7,98000,3/11/2026,
19,61,Krakow,6102,Main Market Square,Square,Largest medieval town square in Europe.,0,-,2,Yes,Year-round,Ref,4.8,165000,3/11/2026,
19,61,Krakow,6103,Kazimierz District,Culture,(Gem) Former Jewish quarter with deep history.,0,-,3,Yes,May-Sep,Ref,4.7,45000,3/11/2026,
19,60,Warsaw,6001,Royal Castle,Museum,Rebuilt heart of the Polish history (UNESCO).,12,EUR,3,Yes,Year-round,Ref,4.7,55000,3/11/2026,
19,60,Warsaw,6002,?azienki Palace,Park,"Neoclassical palace in the ""Royal Baths"" park.",10,EUR,3,Yes,May-Oct,Ref,4.8,42000,3/11/2026,
19,60,Warsaw,6003,Copernicus Center,Science,(Gem) Interactive museum for kids and adults.,10,EUR,4,Yes,Year-round,Ref,4.7,35000,3/11/2026,
19,62,Wroclaw,6201,Market Square,Square,Stunning Gothic town hall and colorful houses.,0,-,2,Yes,Year-round,Ref,4.8,95000,3/11/2026,
19,62,Wroclaw,6202,Cathedral Island,Historic,"The city's oldest district, lit by gas lamps.",0,-,2,Yes,Year-round,Ref,4.8,31000,3/11/2026,
19,62,Wroclaw,6203,Panorama Rac?awice,Art,(Gem) 114m long 360-degree historical painting.,12,EUR,1.5,Yes,Year-round,Ref,4.8,22000,3/11/2026,
20,65,Sintra,6501,Quinta da Regaleira,Palace,Gothic estate with a famous initiation well.,11,EUR,3,Yes,Year-round,Ref,4.8,65000,3/11/2026,
20,65,Sintra,6502,Castle of the Moors,Fortress,Medieval castle ruins with views to the ocean.,8,EUR,2,No,May-Oct,Ref,4.7,42000,3/11/2026,
20,65,Sintra,6503,Palace of Monserrate,Palace,"(Gem) Exotic palace and gardens, less crowded.",8,EUR,2,Yes,Year-round,Ref,4.8,15000,3/11/2026,
20,63,Lisbon,6301,Jerónimos Monastery,Religious,Best example of Manueline architecture (UNESCO).,10,EUR,2.5,Yes,Year-round,Ref,4.8,95000,3/11/2026,
20,63,Lisbon,6302,Alfama District,District,Ancient Moorish quarter with fado and views.,0,-,3,Yes,Apr-Oct,Ref,4.7,65000,3/11/2026,
20,63,Lisbon,6303,Pink Street,Scenic Spot,(Gem) Iconic neon-pink painted nightlife street.,0,-,0.5,No,Year-round,Ref,4.4,15000,3/11/2026,
20,64,Porto,6401,Ribeira Square,Square,Lively riverside with views of D. Luis I bridge.,0,-,2,Yes,May-Sep,Ref,4.7,85000,3/11/2026,
20,64,Porto,6402,Livraria Lello,Landmark,Famed neo-Gothic bookstore with red staircase.,5,EUR,1,Yes,Year-round,Ref,4.5,45000,3/11/2026,
20,64,Porto,6403,Crystal Palace Gardens,Park,(Gem) Hilltop garden with free-roaming peacocks.,0,-,2,Yes,Apr-Oct,Ref,4.7,32000,3/11/2026,
21,66,Belgrade,6601,Kalemegdan Fortress,Fortress,Historic citadel where the rivers Danube and Sava meet.,0,-,3,Yes,May-Oct,Ref,4.8,72000,3/11/2026,
21,66,Belgrade,6602,Saint Sava Temple,Church,One of the largest Orthodox church buildings.,0,-,1.5,Yes,Year-round,Ref,4.9,35000,3/11/2026,
21,66,Belgrade,6603,Skadarlija,Historic,(Gem) Bohemian street with traditional food and music.,0,-,2.5,Yes,Year-round,Ref,4.7,22000,3/11/2026,
21,67,Niš,6701,Skull Tower,Monument,Tower embedded with 952 skulls from 1809.,2,EUR,0.5,No,Year-round,Ref,4.6,8500,3/11/2026,
21,67,Niš,6702,Mediana,Ruins,Summer residence of Roman Emperor Constantine.,3,EUR,2,Yes,Apr-Oct,Ref,4.5,3200,3/11/2026,
21,67,Niš,6703,Jelašnica Gorge,Nature,(Gem) Beautiful canyon for rock climbing nearby.,0,-,4,No,May-Oct,Ref,4.8,1500,3/11/2026,
21,68,Novi Sad,6801,Petrovaradin Fortress,Fortress,Massive riverside fortress and Exit Festival site.,0,-,3,Yes,May-Sep,Ref,4.8,32000,3/11/2026,
21,68,Novi Sad,6802,Name of Mary Church,Church,Neo-Gothic cathedral in the city center.,0,-,0.5,Yes,Year-round,Ref,4.8,12000,3/11/2026,
21,68,Novi Sad,6803,Danube Park,Park,(Gem) Romantic city park with a lake and swans.,0,-,1.5,Yes,Apr-Oct,Ref,4.7,11000,3/11/2026,
22,70,Bled,7001,Bled Castle,Castle,Clifftop castle with views of the island.,15,EUR,2,Yes,Year-round,Ref,4.5,38000,3/11/2026,
22,70,Bled,7002,Vintgar Gorge,Nature,Ravine with wooden walkways and waterfalls.,10,EUR,2.5,Yes,May-Sep,Ref,4.8,25000,3/11/2026,
22,70,Bled,7003,Pletna Boat Trip,Experience,Traditional wooden boat to the island church.,18,EUR,1.5,Yes,Jun-Aug,Ref,4.7,15000,3/11/2026,
22,69,Ljubljana,6901,Triple Bridge,Bridge,Three bridges spanning the Ljubljanica river.,0,-,0.5,Yes,Year-round,Ref,4.7,25000,3/11/2026,
22,69,Ljubljana,6902,Dragon Bridge,Bridge,Iconic bridge with famous green dragon statues.,0,-,0.5,Yes,Year-round,Ref,4.7,22000,3/11/2026,
22,69,Ljubljana,6903,Metelkova Art Center,Culture,(Gem) Former army base turned alternative hub.,0,-,2,No,Year-round,Ref,4.4,15000,3/11/2026,
22,71,Piran,7101,Tartini Square,Square,Oval Venetian plaza on the waterfront.,0,-,1,Yes,Jun-Sep,Ref,4.7,18000,3/11/2026,
22,71,Piran,7102,Piran Town Walls,Fortification,Best viewpoint of the whole peninsula tip.,3,EUR,1,Yes,May-Oct,Ref,4.8,12000,3/11/2026,
22,71,Piran,7103,Sergej Mašera Museum,Museum,(Gem) Maritime history in a grand palace.,5,EUR,1.5,Yes,Apr-Oct,Ref,4.5,1500,3/11/2026,
23,72,Madrid,7201,Royal Palace,Palace,Official residence of the Spanish Royal Family.,14,EUR,3,Yes,May-Sep,Ref,4.7,95000,3/11/2026,
23,72,Madrid,7202,Retiro Park,Park,UNESCO park with a Crystal Palace and lake.,0,-,3,Yes,Apr-Oct,Ref,4.8,165000,3/11/2026,
23,72,Madrid,7203,Plaza Mayor,Square,Grand central square with 17th-century arcades.,0,-,1,Yes,Year-round,Ref,4.6,155000,3/11/2026,
23,73,Barcelona,7301,Sagrada Família,Church,Gaudí’s unfinished modernist masterpiece.,26,EUR,2.5,Yes,Year-round,Ref,4.8,215000,3/11/2026,
23,73,Barcelona,7302,Park Güell,Park,Mosaic-filled park with city and sea views.,10,EUR,2,Yes,May-Sep,Ref,4.5,175000,3/11/2026,
23,73,Barcelona,7303,Gothic Quarter,Historic,Narrow medieval streets in the old city center.,0,-,3,Yes,Year-round,Ref,4.7,95000,3/11/2026,
23,74,Seville,7401,Seville Cathedral,Cathedral,Largest Gothic cathedral with Columbus's tomb.,12,EUR,2.5,Yes,Apr-Oct,Ref,4.8,65000,3/11/2026,
23,74,Seville,7402,Plaza de Espańa,Landmark,Grand semicircular plaza with tiled alcoves.,0,-,1.5,Yes,May-Sep,Ref,4.8,155000,3/11/2026,
23,74,Seville,7403,Setas de Sevilla,Landmark,(Gem) Largest wooden structure in the world.,5,EUR,1,Yes,Year-round,Ref,4.5,45000,3/11/2026,
23,75,Valencia,7501,L'Oceanogrŕfic,Aquarium,"Largest aquarium in Europe with 45,000 animals.",33,EUR,4,Yes,May-Sep,Ref,4.6,95000,3/11/2026,
23,75,Valencia,7502,City of Arts & Sciences,Architecture,Futuristic complex designed by Calatrava.,0,-,3,Yes,May-Oct,Ref,4.7,155000,3/11/2026,
23,75,Valencia,7503,Turia Gardens,Park,(Gem) 9km park in a former riverbed.,0,-,3,Yes,Apr-Oct,Ref,4.8,42000,3/11/2026,
23,76,Ronda,7601,Puente Nuevo,Bridge,Iconic 100m high bridge over El Tajo gorge.,0,-,1,Yes,May-Sep,Ref,4.9,22000,3/11/2026,
23,76,Ronda,7602,Mondragon Palace,Museum,Beautiful Moorish palace with small gardens.,4,EUR,1.5,Yes,Apr-Oct,Ref,4.4,5200,3/11/2026,
23,76,Ronda,7603,Arab Baths,Ruins,(Gem) Best preserved Arab thermal site in Spain.,5,EUR,1,Yes,Year-round,Ref,4.6,6500,3/11/2026,
24,77,Stockholm,7701,Vasa Museum,Museum,17th-century warship that sank on its maiden voyage.,16,EUR,2.5,Yes,Year-round,Ref,4.8,88000,3/11/2026,
24,77,Stockholm,7702,Gamla Stan,Old Town,Colorful medieval streets and the Royal Palace.,0,-,3,Yes,May-Sep,Ref,4.7,95000,3/11/2026,
24,77,Stockholm,7703,Skansen,Open Air,(Gem) World's oldest open-air museum and zoo.,22,EUR,4,Yes,Jun-Aug,Ref,4.5,32000,3/11/2026,
24,78,Gothenburg,7801,Liseberg,Park,Scandinavia's largest amusement park.,12,EUR,6,Yes,Jul-Aug,Ref,4.5,45000,3/11/2026,
24,78,Gothenburg,7802,Haga District,Historic,Well-preserved wooden houses and cafes.,0,-,2.5,Yes,May-Sep,Ref,4.6,15000,3/11/2026,
24,78,Gothenburg,7803,Southern Archipelago,Nature,(Gem) Car-free islands reached by public ferry.,5,EUR,5,Yes,Jun-Aug,Ref,4.8,8500,3/11/2026,
24,79,Visby,7901,Visby City Wall,Fortification,Most preserved medieval wall in Scandinavia.,0,-,2.5,Yes,Jun-Aug,Ref,4.8,15000,3/11/2026,
24,79,Visby,7902,Almedalen,Park,Historic harbor area turned into a central park.,0,-,1.5,Yes,Jun-Aug,Ref,4.5,8500,3/11/2026,
24,79,Visby,7903,Lummelunda Cave,Nature,(Gem) Large cave system with stalactites nearby.,18,EUR,2,Yes,May-Sep,Ref,4.5,4200,3/11/2026,
25,81,Lucerne,8101,Chapel Bridge,Bridge,Iconic 14th-century wooden covered bridge.,0,-,1,Yes,Apr-Oct,Ref,4.8,45000,3/11/2026,
25,81,Lucerne,8102,Mount Pilatus,Mountain,Dramatic peak accessible by the steepest cogwheel railway.,72,CHF,5,Yes,May-Sep,Ref,4.8,28000,3/11/2026,
25,81,Lucerne,8103,Lion Monument,Sculpture,(Gem) Heartbreaking rock carving of a dying lion.,0,-,0.5,Yes,Year-round,Ref,4.6,32000,3/11/2026,
25,80,Bern,8001,BärenPark,Park,Riverbank home for the city's heraldic bears.,0,-,1,Yes,May-Oct,Ref,4.6,22000,3/11/2026,
25,80,Bern,8002,Zytglogge,Tower,Medieval clock tower with moving figurines.,0,-,0.5,Yes,Apr-Oct,Ref,4.7,18000,3/11/2026,
25,80,Bern,8003,Einstein House,Museum,(Gem) Flat where Albert Einstein developed E=mc˛.,6,EUR,1,Yes,Year-round,Ref,4.4,4500,3/11/2026,
25,82,Zermatt,8201,Matterhorn Glacier,Nature,"Europe's highest cable car station (3,883m).",95,EUR,4,Yes,Year-round,Ref,4.9,,3/11/2026,
26,83,London,8301,British Museum,Museum,Global history museum; Rosetta Stone is here.,0,-,4,Yes,Year-round,Ref,4.7,138000,3/11/2026,
26,83,London,8302,Tower of London,Fortress,Historic castle housing the Crown Jewels.,35,GBP,3.5,Yes,May-Sep,Ref,4.7,92000,3/11/2026,
26,83,London,8303,Sky Garden,Viewpoint,(Gem) Free public garden with city views.,0,-,1.5,Yes,Apr-Oct,Ref,4.7,35000,3/11/2026,
26,84,Edinburgh,8401,Edinburgh Castle,Castle,Historic fortress dominating the city skyline.,22,GBP,3,Yes,May-Sep,Ref,4.6,88000,3/11/2026,
26,84,Edinburgh,8402,Royal Mile,Street,Famous succession of streets in the Old Town.,0,-,2,Yes,Aug-Sep,Ref,4.8,65000,3/11/2026,
26,84,Edinburgh,8403,Arthur's Seat,Nature,Extinct volcano providing hiking and views.,0,-,2.5,No,May-Oct,Ref,9.8,25000,3/11/2026,
26,86,York,8601,York Minster,Cathedral,Giant Gothic cathedral with famous stained glass.,15,GBP,2,Yes,Year-round,Ref,9.8,22000,3/11/2026,
26,86,York,8602,The Shambles,Street,Best preserved medieval street in Europe.,0,-,1,Yes,Year-round,Ref,4.7,35000,3/11/2026,
26,86,York,8603,Railway Museum,Museum,(Gem) Largest collection of trains in the UK.,0,-,3,Yes,Year-round,Ref,4.8,48000,3/11/2026,
