rest_id,c_id,city_id,restaurant_name,cuisine_type,address_raw,price_tier,rating,reviews,ranking,hours,phone,website,created_at,updated_at
101,1,1,Oda,Traditional,Rruga e Bogdanėve,Midrange,4.6,3500,#1,12:00-23:00,+355 69,odarestaurant.al,3/11/2026,
102,1,1,Mullixhiu,Fine Dining,"Lake Park, Tirana",Luxury,4.7,1800,#2,13:00-22:30,+355 69,mullixhiu.al,3/11/2026,
103,1,1,Zgara Tirones,Grill,Rruga Kavajės,Budget,4.5,5200,#10,09:00-23:00,+355 68,zgaratirones.al,3/11/2026,
104,1,1,Era Blloku,Mediterranean,Rruga Ismail Qemali,Midrange,4.5,2900,#5,11:00-23:00,+355 4,era.al,3/11/2026,
201,1,2,Mare Nostrum,Seafood,Rruga Jonianet,Luxury,4.8,2100,#1,12:00-23:00,+355 69,marenostrum.al,3/11/2026,
202,1,2,Haxhi,Mediterranean,Rruga Skėnderbeu,Midrange,4.7,1500,#2,11:30-22:30,+355 69,haxhisaranda.com,3/11/2026,
203,1,2,Taverna Beqo,Seafood,Saranda Port,,4.6,1100,#5,10:00-22:00,+355 68,tavernabeqo.al,3/11/2026,
204,1,2,La Petite,French/Med,Rruga Butrinti,Midrange,4.7,850,#8,18:00-23:00,+355 85,lapetitesaranda.al,3/11/2026,
301,1,3,Odaja,Traditional,Old Bazaar,Midrange,4.8,900,#1,12:00-22:00,+355 69,odajagjiro.al,3/11/2026,
302,1,3,Mapo,Traditional,Gjirokastėr Center,Budget,4.6,1200,#3,11:00-23:00,+355 69,mapogjiro.com,3/11/2026,
303,1,3,Gjoca,Grill/Balkan,Castle Area,Budget,4.5,750,#10,10:00-22:00,+355 68,gjoca.al,3/11/2026,
304,1,3,Kujtimi,Traditional,Old Bazaar,Midrange,4.4,1100,#5,12:00-23:00,+355 84,kujtimi.com,3/11/2026,
401,2,4,Steirereck,Austrian,Stadtpark,Luxury,4.8,5500,#1,11:30-23:00,+43 1 713,steirereck.at,3/11/2026,
402,2,4,Figlmüller,Schnitzel,Wollzeile 5,Midrange,4.6,18500,#3,11:00-22:30,+43 1 512,figlmueller.at,3/11/2026,
403,2,4,Plachutta,Beef/Austrian,Wollzeile 38,Luxury,4.5,12000,#10,11:30-23:00,+43 1 512,plachutta.at,3/11/2026,
404,2,4,Naschmarkt Deli,Street Food,Naschmarkt,Budget,4.3,4200,#25,08:00-22:00,+43 1 585,naschmarkt-deli.at,3/11/2026,
501,2,5,St. Peter Stifts,Austrian,Sankt-Peter-Bezirk,Luxury,4.7,3500,#1,11:30-23:00,+43 662,stpeter.at,3/11/2026,
502,2,5,Zwettler's,Traditional,Kaigasse 3,Midrange,4.6,2800,#5,11:00-23:00,+43 662,zwettlers.com,3/11/2026,
503,2,5,Augustiner Bräu,Brewery/Food,Lindhofstraße 7,Budget,4.8,8500,#2,15:00-23:00,+43 662,augustinerbier.at,3/11/2026,
504,2,5,Bärenwirt,Austrian,Müllner Hauptstr,Midrange,4.6,4100,#8,11:00-22:00,+43 662,baerenwirt.at,3/11/2026,
601,2,6,Rudolfsturm,Austrian,Salzberg,Midrange,4.4,1500,#1,10:00-18:00,+43 6132,rudolfsturm.at,3/11/2026,
602,2,6,Bräugasthof,Traditional,Seestraße,Midrange,4.5,2200,#2,11:00-21:00,+43 6132,brauhaus-hallstatt.at,3/11/2026,
603,2,6,Seehotel Grüner,Fine Dining,Seestraße,Luxury,4.6,900,#3,12:00-22:00,+43 6132,gruenerbaum.at,3/11/2026,
604,2,6,Simple 169,Snacks/Budget,Hallstatt Center,Budget,4.7,450,#10,09:00-19:00,+43 6132,simple169.at,3/11/2026,
701,3,7,Comme Chez Soi,French/Belg,Place Rouppe,Luxury,4.7,2500,#1,12:00-21:30,+32 2 512,commechezsoi.be,3/11/2026,
702,3,7,Chez Léon,Mussels,Rue des Bouchers,,4.2,15000,#15,11:30-23:00,+32 2 511,chezleon.be,3/11/2026,
703,3,7,Fin de Sičcle,Belgian,Rue des Chartreux,Budget,4.5,6800,#8,12:00-24:00,+32 2 512,findesiecle.be,3/11/2026,
704,3,7,Maison Antoine,Street Food,Place Jourdan,Budget,4.6,4500,#1,11:00-01:00,+32 2 230,maisonantoine.be,3/11/2026,
801,3,8,Park Restaurant,French,Sebrechtsstraat,Luxury,4.8,1500,#1,18:30-22:00,+32 50 33,parkrestaurant.be,3/11/2026,
802,3,8,De Halve Maan,Belgian,Walplein,Midrange,4.6,9200,#2,11:00-21:00,+32 50 44,halvemaan.be,3/11/2026,
803,3,8,Books & Brunch,Health,Garenmarkt,Budget,4.7,1200,#5,09:00-15:00,+32 50 34,booksandbrunch.be,3/11/2026,
804,3,8,Chez Vincent,Fries/Grill,Sint-Salvatorskerkhof,Budget,4.4,3500,#12,11:30-22:00,+32 50 33,chezvincent.be,3/11/2026,
901,3,9,Gravensteen,Grill,Castle View,Midrange,4.6,2100,#5,12:00-22:00,+32 9 223,gravensteen.be,3/11/2026,
902,3,9,Pakhuis,Brasserie,Schuurkenstraat,Luxury,4.5,4500,#2,12:00-23:00,+32 9 223,pakhuis.be,3/11/2026,
903,3,9,Soup'r,Street Food,Sint-Niklaasstraat,Budget,4.8,1800,#1,11:00-16:00,+32 9 233,soupr.be,3/11/2026,
904,3,9,De Witte Leeuw,Belgian,Graslei,Midrange,4.3,3200,#10,11:30-22:30,+32 9 233,dewitteleeuw.be,3/11/2026,
1001,4,10,4 Sobe,Modern,?eneti?a megdan,Luxury,4.7,1500,#2,12:00-23:00,+387 33,4sobe.ba,3/11/2026,
1002,4,10,Dveri,Balkan,Prote Bakovi?a,Midrange,4.8,3200,#1,11:00-23:00,+387 33,dveri.ba,3/11/2026,
1003,4,10,Hodi?,?evapi,Ba?arija,Budget,4.6,8500,#1,09:00-22:00,+387 33,cevabdzinica.ba,3/11/2026,
1004,4,10,Park Prin?eva,International,Iza Hrida,,4.4,2500,#8,10:00-23:30,+387 33,parkprinceva.ba,3/11/2026,
1101,4,11,Sadrvan,Bosnian,Old Bridge,Midrange,4.7,5200,#1,11:00-23:00,+387 36,sadrvan.ba,3/11/2026,
1102,4,11,Hindin Han,Grill,Yusof Pasha,Midrange,4.6,4100,#3,10:00-23:00,+387 36,hindinhan.ba,3/11/2026,
1103,4,11,Tima-Irma,Grill/Street,One?ukova,Budget,4.9,3500,#1,09:00-22:00,+387 61,tima-irma.com,3/11/2026,
1104,4,11,Labirint,Modern,Old Bazaar,,4.3,1800,#12,12:00-22:30,+387 36,labirint.ba,3/11/2026,
1201,4,12,Restoran Tarana,Balkan Grill,"Vinogradi bb, Trebinje",Budget,4.7,1250,#1,08:00-23:00,+387 59,tarana.ba,3/11/2026,
1202,4,12,Vukoje Cellars,Fine Dining,"Hrupjela bb, Trebinje",Luxury,4.8,980,#2,12:00-23:00,+387 59,vukoje.ba,3/11/2026,
1203,4,12,Studenac,Seafood,"Zasad bb, Trebinje",Midrange,4.6,1120,#4,09:00-23:00,+387 59,studenac.ba,3/11/2026,
1204,4,12,Market 99,Local,Trebinje Center,Budget,4.5,620,#10,07:00-22:00,+387 59,market99.ba,3/11/2026,
1301,5,13,Zinfandel's,Modern,"Mihanovi?eva 1, Zagreb",Luxury,4.8,1520,#1,12:00-23:00,+385 1 45,esplanade.hr,3/11/2026,
1302,5,13,Vinodol,Croatian,"Teslina 10, Zagreb",Midrange,4.6,6580,#5,11:00-23:30,+385 1 48,vinodol.hr,3/11/2026,
1303,5,13,Heritage,Street Food,"Petrinjska 14, Zagreb",Budget,4.9,2240,#2,11:00-20:00,+385 91,heritage.hr,3/11/2026,
1304,5,13,Noel,Creative,"Popa Dukljanina 1, Zagreb",Luxury,4.7,820,#3,13:00-22:30,+385 1 48,noel.hr,3/11/2026,
1401,5,14,Restaurant 360,Fine Dining,"Sv. Dominika bb, Dubrovnik",Luxury,4.8,2150,#1,18:00-22:30,+385 20,360dubrovnik.com,3/11/2026,
1402,5,14,Pantarul,Mediterranean,"Lapadska obala 2, Dubrovnik",Midrange,4.7,1840,#5,12:00-23:00,+385 20,pantarul.com,3/11/2026,
1403,5,14,Barba,Street Food,"Bokovi?eva 5, Dubrovnik",Budget,4.6,3210,#10,11:00-22:00,+385 91,barba.hr,3/11/2026,
1404,5,14,Lady Pi-Pi,Grill,"Prijeko ul. 22, Dubrovnik",Midrange,4.5,4520,#8,11:00-23:00,+385 20,ladypipi.hr,3/11/2026,
1501,5,15,Monte,Creative,"Montalbano 75, Rovinj",Luxury,4.9,1230,#1,18:00-22:00,+385 52,monte.hr,3/11/2026,
1502,5,15,Kantinon,Istrian,"Obala Alda Rismonda, Rovinj",Midrange,4.6,2540,#4,12:00-23:00,+385 52,kantinon.com,3/11/2026,
1503,5,15,Tipico,Mediterranean,"Grisia 30, Rovinj",Midrange,4.7,1120,#6,13:00-22:00,+385 91,tipico.hr,3/11/2026,
1504,5,15,Da Sergio,Pizza,"Grisia 11, Rovinj",Budget,4.5,3580,#15,11:30-23:00,+385 52,dasergio.hr,3/11/2026,
1601,6,16,La Degustation,Czech Fine,"Hatalskį 18, Prague",Luxury,4.8,2560,#2,18:00-22:30,+420 222,ladegustation.cz,3/11/2026,
1602,6,16,Lokįl Dlouhįįį,Czech,"Dlouhį 33, Prague",Budget,4.6,15400,#10,11:00-01:00,+420 222,lokal.cz,3/11/2026,
1603,6,16,Café Savoy,Brasserie,"Vķt?znį 5, Prague",Midrange,4.5,8520,#15,08:00-22:00,+420 222,cafesavoy.cz,3/11/2026,
1604,6,16,Nae Maso,Street Food,"Dlouhį 39, Prague",Budget,4.7,5240,#1,11:00-21:00,+420 222,nasemaso.cz,3/11/2026,
1701,6,17,Grandrestaurant,European,"Mķrové nįm. 2, Karlovy Vary",Luxury,4.6,1820,#1,12:00-22:00,+420 353,pupp.cz,3/11/2026,
1702,6,17,Promenįda,International,"Trit? 31, Karlovy Vary",Midrange,4.7,1250,#2,12:00-23:00,+420 353,promenada.cz,3/11/2026,
1703,6,17,Velkopopovickį,Czech,"Petra Velikého, Karlovy Vary",Budget,4.5,2140,#8,11:00-22:00,+420 353,velkopopovicka.cz,3/11/2026,
1704,6,17,Bagel Lounge,Snacks,"T.G. Masaryka, Karlovy Vary",Budget,4.4,920,#15,09:00-19:00,+420 777,bagellounge.cz,3/11/2026,
1801,6,18,Tavern Jonas,Medieval,"Latrįn 47, Cesky Krumlov",Midrange,4.7,1540,#2,12:00-22:00,+420 380,tavernjonas.cz,3/11/2026,
1802,6,18,Le Jardin,Fine Dining,"Lineckį 55, Cesky Krumlov",Luxury,4.8,920,#1,18:30-22:00,+420 380,lejardin.cz,3/11/2026,
1803,6,18,Papa's Living,International,"Latrįn 13, Cesky Krumlov",Midrange,4.5,3210,#5,11:30-23:00,+420 380,papas.cz,3/11/2026,
1804,6,18,MLS Krumlov,Street Food,"Latrįn 12, Cesky Krumlov",Budget,4.4,1250,#20,10:00-20:00,+420 380,mls.cz,3/11/2026,
1901,7,19,Noma,Creative,"Refshalevej 96, Copenhagen",Luxury,4.8,4580,#1,17:00-23:00,+45 32 96,noma.dk,3/11/2026,
1902,7,19,Höst,Nordic,Nųrre Farimagsgade 41,Midrange,4.7,3520,#3,17:30-24:00,+45 89 93,host.dk,3/11/2026,
1903,7,19,Gasoline Grill,Street Food,"Landgreven 10, Copenhagen",Budget,4.6,5840,#1,11:00-20:00,-,gasolinegrill.com,3/11/2026,
1904,7,19,Schųnnemann,Danish,"Hauser Plads 16, Copenhagen",Midrange,4.7,2150,#10,11:30-17:00,+45 33 12,restaurantschonnemann.dk,3/11/2026,
2001,7,20,Gastromé,Fine Dining,"Rosensgade 28, Aarhus",Luxury,4.7,820,#1,18:00-24:00,+45 85 85,gastrome.dk,3/11/2026,
2002,7,20,Restaurant Et,French,"Åboulevarden 7, Aarhus",Midrange,4.6,1240,#2,12:00-22:00,+45 86 86,restaurant-et.dk,3/11/2026,
2003,7,20,Aarhus Street Food,World,Ny Banegårdsgade 46,Budget,4.5,8560,#1,11:30-21:00,-,aarhusstreetfood.com,3/11/2026,
2004,7,20,Raadhuus Kafeen,Danish,"Sųnder Allé 3, Aarhus",Midrange,4.4,2230,#12,11:30-22:00,+45 86 12,raadhuuskafeen.dk,3/11/2026,
2101,7,21,Brųndums,Danish,"Anchersvej 3, Skagen",Luxury,4.6,1540,#1,12:00-21:30,+45 98 44,broendums-hotel.dk,3/11/2026,
2102,7,21,Skagen Fiskerest.,Seafood,"Fiskehuskaj 13, Skagen",Midrange,4.5,3250,#3,11:30-22:00,+45 98 44,skagenfiskerestaurant.dk,3/11/2026,
2103,7,21,Jakob's Café,International,"Havnevej 4, Skagen",Midrange,4.4,1820,#5,10:00-23:00,+45 98 44,jakobs.dk,3/11/2026,
2104,7,21,Pakhuset,Seafood,"Rųdspęttevej 6, Skagen",Budget,4.3,2580,#8,11:30-22:00,+45 98 44,pakhuset.dk,3/11/2026,
2201,8,22,Olo,Nordic,"Pohjoisesplanadi 5, Helsinki",Luxury,4.8,1240,#1,18:00-24:00,+358 10,olo-ravintola.fi,3/11/2026,
2202,8,22,Savotta,Traditional,Aleksanterinkatu 22,Midrange,4.6,3580,#5,12:00-23:00,+358 9,ravintolasavotta.fi,3/11/2026,
2203,8,22,Old Market Hall,Local,"Eteläranta, Helsinki",Budget,4.5,8560,#1,08:00-18:00,+358 9,vanhakauppahalli.fi,3/11/2026,
2204,8,22,Sea Horse,Finnish,"Kapteeninkatu 11, Helsinki",Midrange,4.4,2150,#12,11:00-22:00,+358 9,seahorse.fi,3/11/2026,
2301,8,23,Sky Kitchen,Lappish,"Juhannuskalliontie, Rovaniemi",Luxury,4.7,980,#1,18:00-22:30,+358 16,skykitchen.fi,3/11/2026,
2302,8,23,Nili,Traditional,"Valtakatu 20, Rovaniemi",Luxury,4.6,2850,#2,12:00-23:00,+358 40,nili.fi,3/11/2026,
2303,8,23,Kotahovi,Lappish,"Santa Village, Rovaniemi",Midrange,4.8,1150,#3,11:00-17:00,+358 40,laplandkotahovi.com,3/11/2026,
2304,8,23,Kauppayhtiö,Burgers,"Valtakatu 24, Rovaniemi",Budget,4.5,1540,#10,11:00-21:00,+358 16,kauppayhtio.fi,3/11/2026,
2401,8,24,Sinne,Nordic,"Länsiranta 10, Porvoo",Luxury,4.6,820,#1,11:00-22:00,+358 10,sinneporvoo.fi,3/11/2026,
2402,8,24,Meat District,Grill,"Välikatu 16, Porvoo",Midrange,4.5,1140,#2,16:00-23:00,+358 40,meatdistrict.fi,3/11/2026,
2403,8,24,Fryysarin Ranta,Seafood,"Jokikatu 20, Porvoo",Midrange,4.4,780,#5,12:00-21:00,+358 19,fryysarinranta.fi,3/11/2026,
2404,8,24,Hanna-Maria,Home Food,"Välikatu 14, Porvoo",Budget,4.3,980,#8,10:30-17:00,+358 19,hannamaria.fi,3/11/2026,
2501,9,25,Guy Savoy,French,"11 Quai de Conti, Paris",Luxury,4.9,3250,#1,12:00-22:30,+33 1 43,guysavoy.com,3/11/2026,
2502,9,25,Bouillon Chartier,Traditional,"7 Rue du Faubourg, Paris",Budget,4.2,45200,#10,11:30-00:00,+33 1 47,bouillon-chartier.com,3/11/2026,
2503,9,25,L'As du Fallafel,Street Food,"32 Rue des Rosiers, Paris",Budget,4.6,15400,#1,11:00-23:00,+33 1 48,lasdufallafel.com,3/11/2026,
2504,9,25,Le Comptoir,Bistro,"9 Carrefour de l'Odéon, Paris",Midrange,4.5,8560,#5,12:00-23:00,+33 1 44,hotel-paris-relais.com,3/11/2026,
2601,9,26,Jan,Creative,"12 Rue Lascaris, Nice",Luxury,4.8,1120,#1,18:30-22:00,+33 4 97,restaurantjan.com,3/11/2026,
2602,9,26,René Socca,Street Food,"2 Rue Miralheti, Nice",Budget,4.3,8250,#1,09:00-21:00,+33 4 93,renesocca.com,3/11/2026,
2603,9,26,Le Comptoir,Mediterranean,"20 Rue St-Franēois, Nice",Midrange,4.6,3540,#4,12:00-23:00,+33 4 93,comptoir-marche.fr,3/11/2026,
2604,9,26,Oliviera,Mediterranean,"8 Rue du Collet, Nice",Midrange,4.8,1850,#2,12:00-21:30,+33 4 93,oliviera.com,3/11/2026,
2701,9,27,Paul Bocuse,Fine Dining,Collonges-au-Mont-d'Or,Luxury,4.8,5560,#1,12:00-22:00,+33 4 72,bocuse.fr,3/11/2026,
2702,9,27,Le Musée,Bouchon,"2 Rue des Forces, Lyon",Midrange,4.7,1240,#3,12:00-22:00,+33 4 78,restaurant-lemusee.fr,3/11/2026,
2703,9,27,Les Fédérations,Bouchon,"8 Rue Major Martin, Lyon",Midrange,4.5,2520,#10,12:00-23:00,+33 4 78,lesfederationslyon.com,3/11/2026,
2704,9,27,Boul. du Palais,Snacks,"8 Rue St-Jean, Lyon",Budget,4.7,3150,#1,08:00-19:00,+33 4 78,boulangeriedupalais.fr,3/11/2026,
2801,9,28,L'Esquisse,Modern,"21 Rue Royale, Annecy",Luxury,4.7,680,#1,19:00-22:00,+33 4 50,l-esquisse.com,3/11/2026,
2802,9,28,Le Freti,Savoyard,"12 Rue Sainte-Claire, Annecy",Midrange,4.5,4250,#5,12:00-22:30,+33 4 50,lefreti.com,3/11/2026,
2803,9,28,Tźte de Cochon,Bistro,"9 Rue de l'Īle, Annecy",Midrange,4.6,1140,#8,12:00-22:00,+33 4 50,tetedecochon.fr,3/11/2026,
2804,9,28,Glacier des Alpes,Ice Cream,"16 Rue Perričre, Annecy",Budget,4.8,5560,#1,10:00-23:00,+33 4 50,glacier-des-alpes.com,3/11/2026,
2901,9,29,JY'S,Fine Dining,17 Rue de la Poissonnerie,Luxury,4.7,820,#1,12:00-22:00,+33 3 89,jean-yves-schillinger.com,3/11/2026,
2902,9,29,Le Fer Rouge,Alsatian,"52 Grand Rue, Colmar",Midrange,4.4,3240,#10,11:30-22:30,+33 3 89,leferrouge.alsace,3/11/2026,
2903,9,29,Brasserie Hist.,Alsatian,"10 Grand Rue, Colmar",Midrange,4.5,1850,#5,12:00-23:00,+33 3 89,brasserie-historique.com,3/11/2026,
2904,9,29,Les Bateliers,French,"15 Rue de la Herse, Colmar",Budget,4.3,980,#20,11:00-22:00,+33 3 89,bateliers-colmar.com,3/11/2026,
3001,10,30,Tim Raue,Asian Fusion,Rudi-Dutschke-Str. 26,Luxury,4.7,2840,#1,18:00-00:00,+49 30,tim-raue.com,3/11/2026,
3002,10,30,Mustafas Kebap,Street Food,"Mehringdamm 32, Berlin",Budget,4.4,12400,#1,10:00-02:00,-,mustafas.de,3/11/2026,
3003,10,30,Katz Orange,Modern,"Bergstraße 22, Berlin",Midrange,4.6,3150,#8,18:00-23:00,+49 30,katzorange.com,3/11/2026,
3004,10,30,Zur Instanz,German,"Waisenstraße 14, Berlin",Midrange,4.4,4520,#15,12:00-23:00,+49 30,zurletzteninstanz.com,3/11/2026,
3101,10,31,Tantris,Fine Dining,Johann-Fichte-Str. 7,Luxury,4.7,1550,#1,12:00-23:00,+49 89,tantris.de,3/11/2026,
3102,10,31,Hofbräuhaus,Brewery,"Platzl 9, Munich",Midrange,4.4,85600,#2,09:00-00:00,+49 89,hofbraeuhaus.de,3/11/2026,
3103,10,31,Ratskeller,Traditional,"Marienplatz 8, Munich",Midrange,4.5,18200,#5,11:00-23:00,+49 89,ratskeller.com,3/11/2026,
3104,10,31,Viktualienmarkt,Market,"Viktualienmarkt 3, Munich",Budget,4.7,35400,#1,08:00-20:00,-,viktualienmarkt.de,3/11/2026,
3201,10,32,Haerlin,Fine Dining,Neuer Jungfernstieg 9,Luxury,4.8,680,#1,18:30-22:00,+49 40,restaurant-haerlin.de,3/11/2026,
3202,10,32,Bullerei,Creative,"Lagerstraße 34, Hamburg",Midrange,4.4,5850,#5,12:00-00:00,+49 40,bullerei.com,3/11/2026,
3203,10,32,Fischereihafen,Seafood,Große Elbstraße 143,Luxury,4.6,3250,#2,11:30-22:00,+49 40,fischereihafen-rest.de,3/11/2026,
3204,10,32,Erika's Eck,Traditional,"Sternstraße 98, Hamburg",Budget,4.5,4150,#10,17:00-09:00,+49 40,erikas-eck.de,3/11/2026,
3301,10,33,Zur Höll,German,"Burggasse 8, Rothenburg",Midrange,4.8,2880,#1,17:00-22:00,+49 9861,hoell-rothenburg.de,3/11/2026,
3302,10,33,Baumeisterhaus,Traditional,Obere Schmiedgasse 3,,4.4,3220,#5,11:00-21:30,+49 9861,baumeisterhaus.de,3/11/2026,
3303,10,33,Gasthof Glocke,Franconian,"Plönlein 1, Rothenburg",Midrange,4.5,1580,#8,12:00-22:00,+49 9861,glocke-rothenburg.de,3/11/2026,
3304,10,33,Diller Snacks,Dessert,Obere Schmiedgasse 7,Budget,4.2,1150,#20,09:00-18:00,+49 9861,schneeballen.de,3/11/2026,
3401,11,34,Spondi,Fine Dining,"Pirronos 5, Athens",Luxury,4.8,2580,#1,19:30-00:00,+30 210,spondi.gr,3/11/2026,
3402,11,34,Mani Mani,Modern Greek,"Falirou 10, Athens",Midrange,4.7,4950,#5,13:00-23:00,+30 210,manimani.com.gr,3/11/2026,
3403,11,34,O Thanasis,Street Food,"Mitropoleos 69, Athens",Budget,4.5,18500,#2,09:00-01:00,+30 210,othanasis.com,3/11/2026,
3404,11,34,Karamanlidika,Deli/Meze,"Sokratous 1, Athens",Budget,4.8,9600,#1,12:00-23:00,+30 210,karamanlidika.gr,3/11/2026,
3501,11,35,Selene,Fine Dining,"Fira, Santorini",Luxury,4.7,1250,#1,18:00-23:00,+30 228,selene.gr,3/11/2026,
3502,11,35,Metaxy Mas,Traditional,"Exo Gonia, Santorini",Midrange,4.9,5600,#2,13:00-00:00,+30 228,metaxymas.gr,3/11/2026,
3503,11,35,Lucky's,Street Food,"Fira Center, Santorini",Budget,4.6,3150,#1,11:00-22:00,+30 228,luckys.gr,3/11/2026,
3504,11,35,Ammoudi Fish,Seafood,"Ammoudi Bay, Oia",Luxury,4.5,2900,#10,12:00-23:00,+30 228,ammoudifish.com,3/11/2026,
3601,11,36,Meteoron Panorama,Greek,Kalambaka-Kastraki Rd,Midrange,4.6,"3,850",#1,12:00-23:00,+30 243,meteoronpanorama.gr,3/11/2026,
3602,11,36,Gardenia,Traditional,Kastraki Village,Midrange,4.7,"2,180",#3,11:30-22:30,+30 243,gardena.gr,3/11/2026,
3603,11,36,Valia Calda,Modern Greek,"Kondili 34, Kalambaka",Midrange,4.8,"1,550",#2,13:00-23:00,+30 243,valiacalda.gr,3/11/2026,
3604,11,36,Panellinio,Greek,"Town Square, Kalambaka",Budget,4.4,"1,920",#8,10:00-23:00,+30 243,panellinio.gr,3/11/2026,
3701,12,37,Onyx,Fine Dining,"Vörösmarty tér 7, Bud.",Luxury,4.8,"2,250",#1,18:30-23:00,+36 30,onyxrestaurant.hu,3/11/2026,
3702,12,37,Menza,Hungarian,Liszt Ferenc tér 2,Midrange,4.6,"15,600",#5,11:30-23:00,+36 1,menza.hu,3/11/2026,
3703,12,37,Borkonyha,Modern/Wine,"Sas utca 3, Budapest",Luxury,4.7,"4,620",#2,12:00-00:00,+36 1,borkonyha.hu,3/11/2026,
3704,12,37,Drum Cafe,Budget,"Dob utca 2, Budapest",Budget,4.5,"12,500",#1,09:00-23:00,+36 7,drumcafe.hu,3/11/2026,
3801,12,38,IKON,Modern,"Piac utca 23, Debrecen",Luxury,4.7,"1,550",#1,12:00-23:00,+36 30,ikonrestaurant.hu,3/11/2026,
3802,12,38,Csokonai,Traditional,Kossuth utca 21,Midrange,4.5,"2,280",#3,11:30-23:00,+36 52,csokonairetterem.hu,3/11/2026,
3803,12,38,Belga Etterem,International,"Piac utca 29, Debrecen",Midrange,4.6,"1,890",#5,11:00-00:00,+36 52,belgaetterem.hu,3/11/2026,
3804,12,38,Bonita Bistro,Italian/Pizza,"Piac utca 12, Debrecen",Budget,4.4,995,#12,11:00-22:00,+36 52,bonitadebrecen.hu,3/11/2026,
3901,12,39,Korona Etterem,Hungarian,"F? tér 18, Szentendre",Midrange,4.4,"1,250",#5,11:00-21:00,+36 26,koronaetterem.hu,3/11/2026,
3902,12,39,Aranysįrkįny,Traditional,Alkotmįny utca 1,Midrange,4.6,"1,180",#2,12:00-22:00,+36 26,aranysarkany.hu,3/11/2026,
3903,12,39,M?vész Étterem,Fine Dining,Dumtsa Jen? u. 7,Luxury,4.7,840,#1,12:00-23:00,+36 26,muveszetterem.hu,3/11/2026,
3904,12,39,Retro Lįngos,Street Food,Görög utca 4,Budget,4.8,"3,580",#1,10:00-19:00,-,retrolangos.hu,3/11/2026,
4001,13,40,La Pergola,Fine Dining,Via Alberto Cadlolo 101,Luxury,4.9,"5,600",#1,19:30-23:30,+39 06,romecavalieri.com,3/11/2026,
4002,13,40,Da Enzo al 29,Trattoria,Via dei Vascellari 29,Budget,4.6,"12,600",#5,12:15-23:00,+39 06,daenzoal29.com,3/11/2026,
4003,13,40,Roscioli,Deli/Kitchen,Via dei Giubbonari 21,Midrange,4.5,"8,700",#10,12:30-23:30,+39 06,salumeriaroscioli.com,3/11/2026,
4004,13,40,Pizzarium Bonci,Street Food,Via della Meloria 43,Budget,4.7,"15,500",#1,11:00-22:00,+39 06,bonci.it,3/11/2026,
4101,13,41,Enoteca Pinchiorri,Fine Dining,Via Ghibellina 87,Luxury,4.8,"2,180",#1,19:30-22:00,+39 055,enotecapinchiorri.it,3/11/2026,
4102,13,41,All'Antico Vinaio,Street Food,Via dei Neri 76,Budget,4.7,"46,200",#1,10:00-22:00,+39 055,allanticovinaio.com,3/11/2026,
4103,13,41,Trattoria Mario,Traditional,"Via Rosina 2, Florence",Budget,4.6,"8,350",#15,12:00-15:00,+39 055,trattoriamario.com,3/11/2026,
4104,13,41,Osteria di Giovanni,Tuscan,Via del Moro 22,Midrange,4.7,"5,600",#5,12:30-22:30,+39 055,osteriadigiovanni.com,3/11/2026,
4201,13,42,Quadri,Fine Dining,Piazza San Marco 121,Luxury,4.7,"1,880",#1,12:30-22:30,+39 041,alajmo.it,3/11/2026,
4202,13,42,Al Gatto Nero,Seafood,"Via Giudecca 88, Burano",Midrange,4.6,"3,250",#2,12:30-21:00,+39 041,algattonero.it,3/11/2026,
4203,13,42,Dal Moro's,Street Food,Calle de la Casseleria,Budget,4.5,"15,800",#1,11:00-20:00,-,dalmoros.com,3/11/2026,
4204,13,42,Osteria Testiere,Seafood,"Castello 5801, Venice",Luxury,4.8,"1,590",#5,12:00-22:00,+39 041,osterialletestiere.it,3/11/2026,
4301,13,43,Vitantonio Lombardo,Fine Dining,Via Madonna delle Virtł,Luxury,4.8,"1,150",#1,19:30-22:30,+39 0835,vlrestaurante.it,3/11/2026,
4302,13,43,Del Cavaliere,Local,Via San Giovanni Vecchio,Midrange,4.6,"3,600",#4,12:30-22:30,+39 0835,trattoriacavaliere.it,3/11/2026,
4303,13,43,Osteria al Casale,Rustic,Via Madonna delle Virtł,Midrange,4.7,"2,850",#2,12:30-23:00,+39 0835,osteriaalcasale.it,3/11/2026,
4304,13,43,Kappador,Modern,Piazza Vittorio Veneto,Budget,4.4,"1,550",#10,12:00-22:00,+39 0835,kappador.it,3/11/2026,
4401,13,44,Buca di Sant'Ant.,Traditional,Via della Cervia 3,Luxury,4.6,"3,250",#2,12:30-22:30,+39 0583,bucadisantantonio.it,3/11/2026,
4402,13,44,Trattoria da Leo,Traditional,Via delle Cavallerizze,Budget,4.5,"4,180",#5,12:00-22:30,+39 0583,trattoriadaleo.it,3/11/2026,
4403,13,44,L'Imbuto,Creative,Via della Fratta 36,Luxury,4.7,"1,260",#1,19:30-22:00,+39 331,limbuto.it,3/11/2026,
4404,13,44,Pizzeria Da Felice,Street Food,"Via Buia 12, Lucca",Budget,4.8,"5,600",#1,11:30-20:30,+39 0583,pizzeriadafelice.it,3/11/2026,
4501,14,45,ION Harbour,Fine Dining,11 St Barbara Bastion,Luxury,4.8,"1,180",#1,18:30-22:30,+356 21,ionharbour.com,3/11/2026,
4502,14,45,Nenu The Baker,Maltese,143 St Dominic St,Midrange,4.6,"5,300",#5,11:30-22:30,+356 22,nenuthebaker.com,3/11/2026,
4503,14,45,Legligin,Wine Bar,"117 St Lucy St, Vall.",Midrange,4.7,"3,550",#2,18:00-23:00,+356 21,legligin.mt,3/11/2026,
4504,14,45,Pastizzeria Jeff's,Street Food,Old Bakery Street,Budget,4.5,"1,880",#1,07:00-22:00,-,pastizzi.mt,3/11/2026,
4601,14,46,Mint,Healthy,"30/39 Luzio St, Sliema",Midrange,4.5,"2,860",#8,08:00-16:00,+356 21,mintmalta.com,3/11/2026,
4602,14,46,Ta' Kris,Traditional,80 Fawwara Lane,Midrange,4.6,"4,550",#3,12:30-23:00,+356 21,takrisrestaurant.com,3/11/2026,
4603,14,46,The Chophouse,Steakhouse,"Tigne Point, Sliema",Luxury,4.6,"1,550",#2,18:30-23:00,+356 21,chophouse.com.mt,3/11/2026,
4604,14,46,Surfside,Budget,"Tower Road, Sliema",Budget,4.1,"6,600",#15,09:00-00:00,+356 21,surfsidemalta.com,3/11/2026,
4701,14,47,De Mondion,Fine Dining,Misrah il-Kunsill,Luxury,4.8,980,#1,19:00-22:30,+356 21,demondion.com,3/11/2026,
4702,14,47,Fontanella,Cafe/Cakes,"1 Bastion St, Mdina",Budget,4.6,"15,200",#1,10:00-22:00,+356 21,fontanellagardens.com,3/11/2026,
4703,14,47,Trattoria AD 1530,Italian,Misrah il-Kunsill,Midrange,4.5,"3,250",#3,12:00-23:00,+356 21,xarapalace.com,3/11/2026,
4704,14,47,Bacchus,Traditional,"1 Inguanez St, Mdina",Luxury,4.4,"2,150",#5,12:00-23:00,+356 21,bacchus.com.mt,3/11/2026,
4801,15,48,Pod Volat,Traditional,Trg Vojvode Be?ira,Budget,4.6,"6,900",#1,08:00-00:00,+382 69,podvolat.me,3/11/2026,
4802,15,48,Hemera,Fine Dining,Njegoeva 17,Luxury,4.7,"1,550",#2,07:00-01:00,+382 20,hotelhemera.com,3/11/2026,
4803,15,48,Restoran Niagarra,Traditional,Ku?e Raki?a,Midrange,4.5,"3,280",#3,09:00-23:00,+382 67,niagara.me,3/11/2026,
4804,15,48,Hard Rock Cafe,American,Cetinjska 1,Midrange,4.4,"4,550",#10,11:00-00:00,+382 20,hardrockcafe.com,3/11/2026,
4901,15,49,Jadran Kod Krsta,Seafood,Slovenska Obala,Midrange,4.6,"8,600",#1,09:00-01:00,+382 33,restoran-jadran.com,3/11/2026,
4902,15,49,Vista Vidikovac,Mediterranean,Vidikovac bb,Luxury,4.5,"2,180",#5,10:00-00:00,+382 69,vistabudva.me,3/11/2026,
4903,15,49,Kuzina,Traditional,20 Novembra,Budget,4.7,"4,280",#2,08:00-00:00,+382 68,restoran-kuzina.me,3/11/2026,
4904,15,49,Konoba Portun,Seafood,"Przno bb, Budva",Midrange,4.7,"1,880",#3,11:00-00:00,+382 68,konobaportun.com,3/11/2026,
5001,15,50,Galion,Fine Dining,"Suranj bb, Kotor",Luxury,4.7,"1,580",#1,12:00-23:00,+382 32,hotelvardar.com,3/11/2026,
5002,15,50,Tanjga,BBQ/Grill,"Suranj bb, Kotor",Budget,4.8,"6,650",#1,09:00-23:00,+382 69,tanjga.me,3/11/2026,
5003,15,50,Scala Santa,Seafood,Trg od Salate,Midrange,4.6,"2,880",#3,11:00-23:30,+382 32,scalasanta.me,3/11/2026,
5004,15,50,Old Winery,Wine/Tapas,Stari Grad 445,Midrange,4.7,"1,250",#2,10:00-01:00,+382 68,oldwinerykotor.com,3/11/2026,
5101,16,51,Rijks,Dutch Fine,Museumstraat 2,Luxury,4.7,"3,250",#1,12:00-22:00,+31 20,rijksrestaurant.nl,3/11/2026,
5102,16,51,Moeders,Traditional,Rozengracht 251,Midrange,4.6,"6,580",#5,17:00-23:00,+31 20,moeders.com,3/11/2026,
5103,16,51,Foodhallen,Street Food,Bellamyplein 51,Budget,4.5,"15,200",#2,12:00-00:00,+31 20,foodhallen.nl,3/11/2026,
5104,16,51,The Pancake Bak.,Dutch,Prinsengracht 191,Budget,4.4,"12,100",#10,09:00-21:30,+31 20,pancake.nl,3/11/2026,
5201,16,52,FG Restaurant,Creative,Katshoek 37,Luxury,4.8,"1,550",#1,12:00-22:30,+31 10,fgrestaurant.nl,3/11/2026,
5202,16,52,Hotel New York,Seafood,Koninginnehoofd 1,Midrange,4.5,"11,200",#5,07:00-01:00,+31 10,hotelnewyork.nl,3/11/2026,
5203,16,52,Bazar,Middle Eastern,Witte de Withstraat,Budget,4.4,"8,250",#8,08:00-00:00,+31 10,hotelbazar.nl,3/11/2026,
5204,16,52,Old Scuola,Pizza,Achterklooster 1,Midrange,4.6,"3,550",#12,17:00-23:00,+31 10,oldscuola.nl,3/11/2026,
5301,16,53,De Lindenhof,Fine Dining,Beulakerweg 77,Luxury,4.9,"1,150",#1,12:00-22:00,+31 52,restaurantdelindenhof.nl,3/11/2026,
5302,16,53,Hollands Venetiė,Traditional,Beulakerweg 167,Midrange,4.3,"2,550",#5,10:00-21:00,+31 52,hollands-venetie.nl,3/11/2026,
5303,16,53,Smit's Paviljoen,Snacks,Binnenpad 14,Budget,4.2,"1,850",#10,11:00-19:00,+31 52,smitspaviljoen.nl,3/11/2026,
5304,16,53,De Fanfare,Cafe,Binnenpad 64,Midrange,4.4,"3,250",#3,10:00-22:00,+31 52,fanfaregiethoorn.nl,3/11/2026,
5401,17,54,Skopski Merak,Macedonian,Debarca 51,Midrange,4.7,"4,550",#1,09:00-01:00,+389 2,skopskimerak.mk,3/11/2026,
5402,17,54,Destan,Grill/Kebab,Old Bazaar,Budget,4.6,"3,250",#1,08:00-22:00,+389 2,destan.com.mk,3/11/2026,
5403,17,54,Pelister,International,Macedonia Square,Midrange,4.5,"5,850",#5,08:00-00:00,+389 2,pelister.com.mk,3/11/2026,
5404,17,54,Dukat,Traditional,T. Gologanov,Midrange,4.7,"1,850",#3,12:00-23:00,+389 2,dukat.com.mk,3/11/2026,
5501,17,55,Kaneo,Seafood,Kaneo Beach,Luxury,4.8,"2,150",#1,12:00-23:00,+389 4,kaneo.com.mk,3/11/2026,
5502,17,55,Belvedere,Traditional,Marsal Tito,Midrange,4.5,"4,250",#5,08:00-00:00,+389 4,belvedere.com.mk,3/11/2026,
5503,17,55,Dr. Falafel,Street Food,Old Bazaar,Budget,4.9,"1,550",#1,09:00-21:00,+389 7,drfalafel.mk,3/11/2026,
5504,17,55,Damar,Modern Balkan,Old Town,Midrange,4.7,"1,250",#3,12:00-23:00,+389 7,damar.mk,3/11/2026,
5601,17,56,Grne,Traditional,Sirok Sokak,Midrange,4.6,"1,850",#2,08:00-00:00,+389 4,grne.mk,3/11/2026,
5602,17,56,Korzo,Cafe/Grill,Sirok Sokak,Budget,4.4,"3,550",#1,07:00-01:00,+389 4,korzo.mk,3/11/2026,
5603,17,56,Epinal,Fine Dining,Sirok Sokak,Luxury,4.5,980,#5,12:00-23:00,+389 4,epinal.com.mk,3/11/2026,
5604,17,56,Jagoda,Grill,Bitola Center,Budget,4.7,"1,150",#10,09:00-22:00,+389 7,jagoda.mk,3/11/2026,
5701,18,57,Maaemo,Nordic,Schweigaards gate,Luxury,4.9,"3,550",#1,18:00-00:00,+47 22,maaemo.no,3/11/2026,
5702,18,57,Den Glade Gris,Traditional,St. Olavs Gate,Midrange,4.6,"5,250",#5,15:00-23:00,+47 22,dengladegris.no,3/11/2026,
5703,18,57,Mathallen,Food Hall,Maridalsveien 17,Budget,4.5,"18,200",#1,11:00-20:00,+47 40,mathallenoslo.no,3/11/2026,
5704,18,57,Engebret Café,Historic,Bankplassen 1,Luxury,4.4,"4,150",#12,11:30-23:00,+47 22,engebret.no,3/11/2026,
5801,18,58,Cornelius,Seafood,"Holmen, Bergen",Luxury,4.8,"2,850",#1,18:00-22:30,+47 56,corneliusrestaurant.no,3/11/2026,
5802,18,58,Trekroneren,Street Food,Kong Oscars gate,Budget,4.9,"8,550",#1,11:00-04:00,+47 55,trekroneren.no,3/11/2026,
5803,18,58,Pingvinen,Gastro Pub,Vaskerelven 14,Midrange,4.6,"4,550",#5,11:00-01:00,+47 55,pingvinen.no,3/11/2026,
5804,18,58,Enhjųrningen,Traditional,Bryggen,Luxury,4.5,"3,250",#8,16:00-23:00,+47 55,enhjorningen.no,3/11/2026,
5901,18,59,XL Diner,Seafood,Skansegata 1,Luxury,4.7,"1,550",#1,16:00-22:30,+47 70,xldiner.no,3/11/2026,
5902,18,59,Maki,Fine Dining,Moloveien 6,Luxury,4.8,920,#2,18:00-23:00,+47 70,brosundet.no,3/11/2026,
5903,18,59,Anno,International,Apotekergata 9,Midrange,4.5,"2,250",#5,11:00-23:00,+47 70,annobistro.no,3/11/2026,
5904,18,59,Jafs,Street Food,Alesund Center,Budget,4.2,"3,150",#15,10:00-23:00,+47 70,jafs.no,3/11/2026,
6001,19,60,Atelier Amaro,Modern,Plac Trzech Krzy?y,Luxury,4.7,"1,850",#1,18:00-22:30,+48 22,atelieramaro.pl,3/11/2026,
6002,19,60,Zapiexy Luks.,Street Food,Widok 19,Budget,4.6,"12,200",#1,11:00-00:00,+48 22,zapiexy.pl,3/11/2026,
6003,19,60,Stolica,Traditional,Szeroki Dunaj,Midrange,4.5,"4,550",#10,12:00-23:00,+48 22,restauracjastolica.pl,3/11/2026,
6004,19,60,U Fukiera,Historic,Rynek Starego Miasta,Luxury,4.4,"3,550",#15,12:00-23:00,+48 22,ufukiera.pl,3/11/2026,
6101,19,61,Wierzynek,Historic,"Rynek G?ówny 15, Krakow",Luxury,4.5,4200,#5,12:00-23:00,+48 12,wierzynek.pl,3/11/2026,
6102,19,61,Morskie Oko,Traditional,"Szczepa?ska 8, Krakow",Midrange,4.7,8500,#2,12:00-00:00,+48 12,morskieoko.pl,3/11/2026,
6103,19,61,Starka,Polish,"Józefa 14, Krakow",Midrange,4.8,5200,#1,12:00-23:00,+48 12,starka-restauracja.pl,3/11/2026,
6104,19,61,Milkbar Tomasza,Budget,?wi?tego Tomasza 24,Budget,4.6,6800,#10,08:00-20:00,+48 12,milkbartomasza.pl,3/11/2026,
6201,19,62,Konspira,Traditional,"Plac Solny 11, Wroclaw",Midrange,4.8,8550,#1,12:00-23:00,+48 71,restauracjakonspira.pl,3/11/2026,
6202,19,62,Piwnica ?widnicka,Historic,"Ratusz 1, Wroclaw",Luxury,4.4,12200,#5,12:00-00:00,+48 71,piwnicaswidnicka.pl,3/11/2026,
6203,19,62,Whiskey in the Jar,Grill,"Rynek 48, Wroclaw",Midrange,4.6,9520,#3,12:00-01:00,+48 71,whiskeyinthejar.pl,3/11/2026,
6204,19,62,Pierogarnia,Budget,"Rynek 26, Wroclaw",Budget,4.7,15100,#1,11:00-22:00,+48 71,pierogarnie.com,3/11/2026,
6301,20,63,Belcanto,Fine Dining,Rua Serpa Pinto 10A,Luxury,4.9,2550,#1,12:30-23:00,+351 21,belcanto.pt,3/11/2026,
6302,20,63,Ramiro,Seafood,Av. Almirante Reis 1,Midrange,4.6,32100,#2,12:00-00:00,+351 21,cervejariaramiro.pt,3/11/2026,
6303,20,63,Time Out Market,Food Hall,Av. 24 de Julho,Budget,4.5,85600,#1,10:00-00:00,+351 21,timeoutmarket.com,3/11/2026,
6304,20,63,A Casa do Bacalhau,Traditional,Rua do Grilo 54,Midrange,4.4,5250,#15,12:00-23:00,+351 21,acasadobacalhau.com,3/11/2026,
6401,20,64,The Yeatman,Fine Dining,"Rua do Choupelo, Gaia",Luxury,4.8,1850,#1,13:00-22:30,+351 22,the-yeatman.com,3/11/2026,
6402,20,64,Cafe Santiago,Francesinha,Rua Passos Manuel 226,Budget,4.6,15200,#1,11:00-23:00,+351 22,cafesantiago.pt,3/11/2026,
6403,20,64,Cantinho Avillez,Modern,Rua de Mouzinho 166,Midrange,4.7,4550,#5,12:30-23:00,+351 22,cantinhodoavillez.pt,3/11/2026,
6404,20,64,Ode Porto Wine,Wine/Tapas,Largo do Terreiro 7,Luxury,4.6,1150,#10,18:00-23:00,+351 91,odeportowine.pt,3/11/2026,
6501,20,65,Tascantiga,Tapas/Petiscos,"Rua das Padarias 1, Sintra",Midrange,4.6,2800,#3,12:00-22:00,+351 21,tascantiga.pt,3/11/2026,
6502,20,65,Incomum,Modern,Rua Dr. Alfredo da Costa,Midrange,4.7,3500,#2,12:00-23:00,+351 21,incomum.pt,3/11/2026,
6503,20,65,Piriquita,Pastry,"Rua das Padarias 1, Sintra",Budget,4.5,12000,#1,09:00-20:00,+351 21,piriquita.pt,3/11/2026,
6504,20,65,Lab by Sergi Arola,Fine Dining,Penha Longa Resort,Luxury,4.8,850,#1,19:00-22:30,+351 21,penhalonga.com,3/11/2026,
6601,21,66,Fran,International,Bulevar oslobo?enja 18,Luxury,4.7,5200,#5,09:00-00:00,+381 11,frans.rs,3/11/2026,
6602,21,66,Manufaktura,Balkan,"Kralja Petra 13, Belgrade",Midrange,4.5,8900,#8,09:00-00:00,+381 11,manufaktura.rs,3/11/2026,
6603,21,66,Walter,?evapi,Strahinji?a Bana,Budget,4.6,12500,#1,09:00-23:00,+381 11,walter.rs,3/11/2026,
6604,21,66,Tri eira,Historic,"Skadarska 29, Belgrade",Midrange,4.4,15400,#12,11:00-01:00,+381 11,trisesira.rs,3/11/2026,
6701,21,67,Pleasure,Modern,"Kopitareva 7, Nis",Midrange,4.7,2550,#1,08:00-00:00,+381 18,pleasure.rs,3/11/2026,
6702,21,67,Hamam,Mediterranean,Nis Fortress,Luxury,4.6,1250,#3,11:00-23:00,+381 18,hamam.rs,3/11/2026,
6703,21,67,Kafana Galija,Historic,"Nikole Pai?a 35, Nis",Midrange,4.5,3250,#5,09:00-00:00,+381 18,kafanagalija.rs,3/11/2026,
6704,21,67,Meze,Traditional,"Tinkers Alley, Nis",Budget,4.8,2150,#2,09:00-23:00,+381 18,meze.rs,3/11/2026,
6801,21,68,Project 72,Serbian Modern,"Kosovska 15, Novi Sad",Luxury,4.8,1550,#1,12:00-23:00,+381 21,project72.rs,3/11/2026,
6802,21,68,Fish & Zelenish,Seafood,"Skerli?eva 2, Novi Sad",Midrange,4.7,2250,#2,12:00-23:00,+381 21,fishizelenish.com,3/11/2026,
6803,21,68,Toster,Burger Bar,"Zmaj Jovina 24, Novi Sad",Budget,4.6,4550,#5,10:00-00:00,+381 21,toster.rs,3/11/2026,
6804,21,68,Terasa,International,Petrovaradin Fortress,Luxury,4.5,3150,#10,11:00-00:00,+381 21,terasa.rs,3/11/2026,
6901,22,69,Restavracija JB,Fine Dining,Mikloi?eva 19,Luxury,4.7,1250,#1,12:00-22:00,+386 1,jb-restavracija.com,3/11/2026,
6902,22,69,Julija,Traditional,"Stari trg 9, Ljubljana",Midrange,4.6,5550,#2,11:00-23:00,+386 1,julija-ljubljana.com,3/11/2026,
6903,22,69,Klobasarna,Street Food,Ciril-Metodov trg 15,Budget,4.8,8550,#1,10:00-21:00,+386 51,klobasarna.si,3/11/2026,
6904,22,69,Gostilna Sokol,Historic,Ciril-Metodov trg 18,Midrange,4.4,6250,#10,11:00-23:00,+386 1,gostilna-sokol.com,3/11/2026,
7001,22,70,Bled Castle Rest.,Modern Slovene,"Castle Cliff, Bled",Luxury,4.6,3850,#1,11:00-22:00,+386 4,jezersek.si,3/11/2026,
7002,22,70,Ostarija Peglez'n,Seafood,"Cesta svobode 19, Bled",Midrange,4.5,2800,#3,12:00-23:00,+386 4,peglezn.si,3/11/2026,
7003,22,70,Sla?i?arna Park,Dessert,"Cesta svobode 15, Bled",Budget,4.4,15000,#1,09:00-21:00,+386 4,sava-hotels.com,3/11/2026,
7004,22,70,Pizzeria Rustika,Pizza,Ljubljanska cesta 14,Budget,4.7,4500,#2,12:00-23:00,+386 4,rustika.si,3/11/2026,
7101,22,71,Fritolin pri Cant.,Street Seafood,Prvomajski trg 10,Budget,4.7,3550,#1,11:00-21:00,+386 51,fritolin.si,3/11/2026,
7102,22,71,Pirat,Seafood,"upan?i?eva 26, Piran",Midrange,4.5,4250,#3,12:00-23:00,+386 5,piratpiran.si,3/11/2026,
7103,22,71,Pavel & Pavel 2,Mediterranean,Preernovo nabreje,Midrange,4.4,5550,#5,11:00-23:00,+386 5,pavel.si,3/11/2026,
7104,22,71,Restaurant Neptun,Seafood,"Dantejeva 4, Piran",Luxury,4.6,1550,#2,12:00-22:00,+386 5,neptunpiran.si,3/11/2026,
7201,23,72,Botķn,Historic,Calle Cuchilleros 17,Midrange,4.5,18500,#10,13:00-23:00,+34 913,botin.es,3/11/2026,
7202,23,72,DiverXO,Creative,C. del Padre Damiįn 23,Luxury,4.8,3200,#1,13:00-22:00,+34 917,diverxo.com,3/11/2026,
7203,23,72,San Miguel,Food Market,Plaza de San Miguel,Budget,4.4,155000,#1,10:00-00:00,+34 915,mercadodesanmiguel.es,3/11/2026,
7204,23,72,Casa Toni,Tapas/Budget,Calle de la Cruz 14,Budget,4.6,2800,#25,12:00-23:30,+34 915,casatoni.es,3/11/2026,
7301,23,73,Disfrutar,Modern,C. de Villarroel 163,Luxury,4.9,4500,#1,13:00-22:00,+34 933,disfrutarbarcelona.com,3/11/2026,
7302,23,73,Can Culleretes,Historic,Carrer d'en Quintana 5,Midrange,4.3,12500,#20,13:30-22:30,+34 933,culleretes.com,3/11/2026,
7303,23,73,La Boqueria,Food Market,La Rambla 91,Budget,4.5,185000,#1,08:00-20:00,+34 933,boqueria.barcelona,3/11/2026,
7304,23,73,Cervecerķa Catal.,Tapas,C. de Mallorca 236,Midrange,4.6,15200,#5,09:00-01:30,+34 932,cerveceriacatalana.es,3/11/2026,
7401,23,74,Cańabota,Seafood,"Calle Orfila 3, Seville",Luxury,4.8,1250,#1,13:30-22:30,+34 954,canabota.es,3/11/2026,
7402,23,74,Eslava,Tapas,"Calle Eslava 3, Seville",Midrange,4.8,9250,#2,12:30-00:00,+34 954,espacioeslava.com,3/11/2026,
7403,23,74,El Pinton,Modern Tapas,"Calle Francos 42, Seville",Midrange,4.5,3250,#5,13:00-00:00,+34 955,elpinton.com,3/11/2026,
7404,23,74,Bar El Comercio,Churros/Budget,"Calle Lineros 9, Seville",Budget,4.7,8550,#1,07:30-21:00,+34 954,barelcomercio.es,3/11/2026,
7501,23,75,Ricard Camarena,Fine Dining,"Av. de Burjassot, Val.",Luxury,4.9,980,#1,13:30-22:00,+34 963,ricardcamarena.com,3/11/2026,
7502,23,75,La Pepica,Paella,Passeig de Neptś 6,Midrange,4.3,12200,#10,13:00-23:00,+34 963,lapepica.com,3/11/2026,
7503,23,75,Central Bar,Tapas,"Mercat Central, Val.",Midrange,4.6,4550,#2,09:00-15:30,+34 963,centralbar.es,3/11/2026,
7504,23,75,Horchateria Santa,Drink/Snack,Plaza de la Reina 11,Budget,4.5,18200,#1,09:00-00:00,+34 963,santa-catalina.com,3/11/2026,
7505,23,76,El Lechuguita,Spanish Tapas,"C. Virgen de los Remedios, 35, 29400 Ronda",Budget,4.4,"5,120",#1 Tapas,"12:30-15:30, 20:00-23:45",+34 952 87 14 36,facebook.com,3/11/2026,
7506,23,76,Tropicana,Mediterranean,"C. Virgen de la Paz, 9, 29400 Ronda",Midrange,4.9,"4,052",#1 Overall,"13:00-16:00, 19:30-23:00",+34 952 87 89 85,tropicana.es,3/11/2026,
7507,23,76,Casa Maria,Mediterranean,"Pl. Ruedo Alameda, 27, 29400 Ronda",Midrange,4.7,"4,142",#3 Overall,"13:30-16:00, 20:00-23:00",+34 952 87 62 12,casamaria.es,3/11/2026,
7508,23,76,Bardal,Modern Andalusian,"C. José Aparicio, 1, 29400 Ronda",Luxury,4.8,425,#1 Fine Dining,"13:30-15:00, 20:30-22:00",+34 952 87 57 59,bardal.com,3/11/2026,
7509,24,77,Totemo Ramen,Japanese/Ramen,"Sankt Eriksgatan 70, 113 20 Stockholm",Budget,4.6,"1,120",#5 Quick Bite,11:00-14:00,+46 8 30 10 30,totemoramen.com,3/11/2026,
7510,24,77,Stockholms Gästabud,Swedish,"Österlånggatan 7, 111 31 Stockholm",Midrange,4.7,"6,393",#8 Overall,12:00-22:00,+46 8 21 99 21,gastabud.se,3/11/2026,
7511,24,77,Restaurang Kryp In,Swedish/European,"Prästgatan 17, 111 29 Stockholm",Midrange,4.5,"1,909",#10 Overall,17:00-23:00,+46 8 20 88 45,krypin.se,3/11/2026,
7512,24,77,Frantzén,Nordic/Japanese,"Klara Norra kyrkogata 26, 111 22 Stockholm",Luxury,4.8,741,#1 Fine Dining,12:00-23:30,+46 8 20 85 80,frantzen.com,3/11/2026,
7513,24,78,En Deli Haga,Mediterranean,"Haga Nygata 15, 411 22 Göteborg",Budget,4.5,890,#4 Quick Bite,10:00-18:00,+46 31 13 06 20,endelihaga.se,3/11/2026,
7514,24,78,Bord 27,European/Swedish,"Haga kyrkogata 14, 411 23 Göteborg",Midrange,4.7,"1,661",#1 Overall,17:00-22:30,+46 31 10 90 50,bord27.se,3/11/2026,
7515,24,78,Natur,Swedish/European,"Geijersgatan 12, 411 34 Göteborg",Midrange,4.6,711,#5 Overall,17:00-00:00,+46 31 16 08 88,restaurangnatur.se,3/11/2026,
7516,24,78,Sjömagasinet,Seafood,"Adolf Edelsvärds gata 5, 414 51 Göteborg",Luxury,4.6,"1,250",#2 Fine Dining,11:30-23:00,+46 31 775 59 20,sjomagasinet.se,3/11/2026,
7517,24,79,Mille Lire,Italian/Pizza,"Södra Kyrkogatan 11, 621 56 Visby",Budget,4.1,550,#1 Pizza,11:00-21:00,+46 498 21 11 00,millelire.se,3/11/2026,
7518,24,79,Bakfickan,Seafood/Swedish,"Stora torget 1, 621 56 Visby",Midrange,4.6,"1,401",#2 Overall,11:00-22:00,+46 498 27 18 07,bakfickan.se,3/11/2026,
7519,24,79,Surfers Visby,Chinese/Asian,"Södra Kyrkogatan 1, 621 56 Visby",Midrange,4.5,"1,150",#4 Overall,17:00-00:00,+46 498 21 18 00,surfersvisby.se,3/11/2026,
7520,24,79,Lilla Bjers,Farm-to-table,"Västerhejde Lilla Bjers 410, 621 99 Visby",Luxury,4.5,620,#1 Eco-friendly,12:00-22:00,+46 498 65 24 38,lillabjers.se,3/11/2026,
7521,25,80,Tibits,Vegetarian/Vegan,"Gurtengasse 4, 3011 Bern",Budget,4.4,"1,850",#2 Veggie,08:00-23:00,+41 31 313 02 22,tibits.ch,3/11/2026,
7522,25,80,Kornhausgalerie,Swiss/European,"Kornhausplatz 18, 3011 Bern",Midrange,4.5,520,#8 Overall,11:30-23:30,+41 31 327 72 72,kornhaus.ch,3/11/2026,
7523,25,80,Altes Tramdepot,Swiss/Brewery,"Grosser Muristalden 6, 3006 Bern",Midrange,4.3,"2,900",#12 Overall,10:00-00:30,+41 31 368 14 15,altestramdepot.ch,3/11/2026,
7524,25,80,Steinhalle,Modern European,"Helvetiaplatz 5, 3005 Bern",Luxury,4.7,480,#1 Fine Dining,"11:30-14:00, 18:00-23:00",+41 31 351 51 00,steinhalle.ch,3/11/2026,
7525,25,81,Pastarazzi,Italian/Pasta,"Hirschmattstrasse 13, 6003 Luzern",Budget,4.6,820,#3 Quick Bite,11:00-21:00,+41 41 210 20 20,pastarazzi.ch,3/11/2026,
7526,25,81,Wirtshaus Galliker,Traditional Swiss,"Schützenstrasse 1, 6003 Luzern",Midrange,4.5,980,#5 Overall,11:30-23:00,+41 41 240 10 02,galliker.ch,3/11/2026,
7527,25,81,Burgerstube,Swiss,"Bahnhofstrasse 30, 6003 Luzern",Midrange,4.4,750,#10 Overall,11:30-22:30,+41 41 210 16 66,wilden-mann.ch,3/11/2026,
7528,25,81,Old Swiss House,Swiss,"Löwenplatz 4, 6004 Luzern",Luxury,4.5,"1,450",#3 Fine Dining,11:30-23:00,+41 41 410 61 71,oldswisshouse.ch,3/11/2026,
7529,25,82,Stefanie's Creperie,Dessert/Crepes,"Hofmattstrasse 7, 3920 Zermatt",Budget,4.7,410,#2 Dessert,11:00-19:00,+41 27 967 15 15,zermatt.ch,3/11/2026,
7530,25,82,Chez Vrony,Swiss/International,"Findeln, 3920 Zermatt",Midrange,4.5,"2,100",#1 Overall,10:00-17:00,+41 27 967 25 52,chezvrony.ch,3/11/2026,
7531,25,82,Findlerhof,Swiss/European,"Findeln, 3920 Zermatt",Midrange,4.6,950,#4 Overall,09:00-17:00,+41 27 967 25 88,findlerhof.ch,3/11/2026,
7532,25,82,After Seven,Fine Dining,"Hofmattstrasse 4, 3920 Zermatt",Luxury,4.8,320,#1 Fine Dining,19:00-23:00,+41 27 966 69 70,backstagehotel.ch,3/11/2026,
7533,26,83,Beigel Bake,Bakery/Jewish,"159 Brick Ln, London E1 6SB",Budget,4.5,"12,400",#1 Bakery,24 Hours,+44 20 7729 0616,bricklanebeigel.co.uk,3/11/2026,
7534,26,83,Dishoom,Indian,"12 Upper St. Martin's Ln, London WC2H 9FB",Midrange,4.6,"15,200",#5 Overall,08:00-23:00,+44 20 7420 9320,dishoom.com,3/11/2026,
7535,26,83,St. JOHN,British,"26 St John St, London EC1M 4AY",Midrange,4.5,"3,100",#20 Overall,12:00-22:00,+44 20 7251 0848,stjohnrestaurant.com,3/11/2026,
7536,26,83,The Ledbury,Modern British,"127 Ledbury Rd, London W11 2AQ",Luxury,4.7,"1,850",#3 Fine Dining,18:30-21:45,+44 20 7792 9090,theledbury.com,3/11/2026,
7537,26,84,Oink,Scottish/BBQ,"34 Victoria St, Edinburgh EH1 2JW",Budget,4.6,"4,200",#2 Quick Bite,11:00-17:00,+44 7771 968201,oinkhogroast.co.uk,3/11/2026,
7538,26,84,Makars Mash Bar,Scottish,"9-12 North Bank St, Edinburgh EH1 2LP",Midrange,4.8,"4,500",#2 Overall,12:00-21:00,+44 131 226 1178,makarsmash.com,3/11/2026,
7539,26,84,The Scran & Scallie,Gastropub,"1 Comely Bank Rd, Edinburgh EH4 1DT",Midrange,4.5,"3,800",#15 Overall,12:00-22:00,+44 131 332 6281,scranandscallie.com,3/11/2026,
7540,26,84,The Kitchin,Modern British,"78 Commercial St, Leith, Edinburgh EH6 6LX",Luxury,4.7,"2,900",#1 Fine Dining,"12:00-14:30, 18:30-22:00",+44 131 555 1755,thekitchin.com,3/11/2026,
7541,26,85,Chai Walla,Indian Street Food,"42 Monmouth St, Bath BA1 2AN",Budget,4.8,"1,200",#1 Quick Bite,11:00-18:00,+44 7500 000000,facebook.com,3/11/2026,
7542,26,85,Sotto Sotto,Italian,"10 North Parade, Bath BA2 4AL",,4.7,"4,200",#1 Overall,12:00-22:30,+44 1225 330236,sottosotto.co.uk,3/11/2026,
7543,26,85,The Scallop Shell,Seafood,"22 Monmouth St, Bath BA1 2AY",Midrange,4.6,"3,100",#5 Overall,12:00-21:30,+44 1225 420340,thescallopshell.co.uk,3/11/2026,
7544,26,85,The Olive Tree,British Fine Dining,"4-7 Russel St, Bath BA1 2LL",Luxury,4.6,850,#2 Fine Dining,18:30-21:00,+44 1225 447920,olivetreebath.co.uk,3/11/2026,
7545,26,86,Shambles Kitchen,Sandwiches,"28 Shambles, York YO1 7LX",Budget,4.7,"1,150",#3 Quick Bite,11:00-16:00,+44 1904 674684,shambleskitchen.co.uk,3/11/2026,
7546,26,86,The Star Inn The City,British/European,"Lendal Bridge, York YO1 7PR",Midrange,4.4,"3,100",#12 Overall,09:30-22:00,+44 1904 619208,starinnthecity.co.uk,3/11/2026,
7547,26,86,Skosh,Contemporary,"98 Micklegate, York YO1 6JX",Midrange,4.8,"1,450",#1 Overall,"12:00-14:00, 17:30-21:00",+44 1904 634849,skoshyork.co.uk,3/11/2026,
7548,26,86,Roots York,Modern British,"68 Marygate, York YO30 7BH",Luxury,4.7,720,#2 Fine Dining,18:00-21:30,+44 1904 615561,rootsyork.com,3/11/2026,
